日期,白日長度
2023-01-01,10.666666666666666
2023-01-02,10.683333333333334
2023-01-03,10.683333333333334
2023-01-04,10.7
2023-01-05,10.7
2023-01-06,10.7
2023-01-07,10.716666666666667
2023-01-08,10.733333333333333
2023-01-09,10.733333333333333
2023-01-10,10.733333333333333
2023-01-11,10.75
2023-01-12,10.766666666666667
2023-01-13,10.766666666666667
2023-01-14,10.783333333333333
2023-01-15,10.8
2023-01-16,10.8
2023-01-17,10.816666666666666
2023-01-18,10.833333333333334
2023-01-19,10.85
2023-01-20,10.85
2023-01-21,10.883333333333333
2023-01-22,10.9
2023-01-23,10.9
2023-01-24,10.916666666666666
2023-01-25,10.933333333333334
2023-01-26,10.966666666666667
2023-01-27,10.966666666666667
2023-01-28,10.983333333333333
2023-01-29,11.016666666666667
2023-01-30,11.016666666666667
2023-01-31,11.033333333333333
2023-02-01,11.066666666666666
2023-02-02,11.066666666666666
2023-02-03,11.083333333333334
2023-02-04,11.116666666666667
2023-02-05,11.116666666666667
2023-02-06,11.15
2023-02-07,11.166666666666666
2023-02-08,11.183333333333334
2023-02-09,11.2
2023-02-10,11.233333333333333
2023-02-11,11.25
2023-02-12,11.266666666666667
2023-02-13,11.283333333333333
2023-02-14,11.3
2023-02-15,11.333333333333334
2023-02-16,11.35
2023-02-17,11.366666666666667
2023-02-18,11.383333333333333
2023-02-19,11.416666666666666
2023-02-20,11.433333333333334
2023-02-21,11.45
2023-02-22,11.466666666666667
2023-02-23,11.5
2023-02-24,11.533333333333333
2023-02-25,11.533333333333333
2023-02-26,11.566666666666666
2023-02-27,11.583333333333334
2023-02-28,11.616666666666667
2023-03-01,11.633333333333333
2023-03-02,11.65
2023-03-03,11.683333333333334
2023-03-04,11.683333333333334
2023-03-05,11.716666666666667
2023-03-06,11.733333333333333
2023-03-07,11.766666666666667
2023-03-08,11.783333333333333
2023-03-09,11.816666666666666
2023-03-10,11.833333333333334
2023-03-11,11.85
2023-03-12,11.883333333333333
2023-03-13,11.9
2023-03-14,11.933333333333334
2023-03-15,11.95
2023-03-16,11.983333333333333
2023-03-17,12.0
2023-03-18,12.016666666666667
2023-03-19,12.05
2023-03-20,12.066666666666666
2023-03-21,12.1
2023-03-22,12.116666666666667
2023-03-23,12.133333333333333
2023-03-24,12.15
2023-03-25,12.166666666666666
2023-03-26,12.183333333333334
2023-03-27,12.216666666666667
2023-03-28,12.233333333333333
2023-03-29,12.266666666666667
2023-03-30,12.283333333333333
2023-03-31,12.3
2023-04-01,12.333333333333334
2023-04-02,12.35
2023-04-03,12.383333333333333
2023-04-04,12.4
2023-04-05,12.416666666666666
2023-04-06,12.45
2023-04-07,12.466666666666667
2023-04-08,12.483333333333333
2023-04-09,12.516666666666667
2023-04-10,12.533333333333333
2023-04-11,12.566666666666666
2023-04-12,12.583333333333334
2023-04-13,12.6
2023-04-14,12.633333333333333
2023-04-15,12.65
2023-04-16,12.666666666666666
2023-04-17,12.683333333333334
2023-04-18,12.7
2023-04-19,12.733333333333333
2023-04-20,12.75
2023-04-21,12.783333333333333
2023-04-22,12.8
2023-04-23,12.816666666666666
2023-04-24,12.833333333333334
2023-04-25,12.85
2023-04-26,12.883333333333333
2023-04-27,12.883333333333333
2023-04-28,12.916666666666666
2023-04-29,12.933333333333334
2023-04-30,12.966666666666667
2023-05-01,12.966666666666667
2023-05-02,13.0
2023-05-03,13.016666666666667
2023-05-04,13.016666666666667
2023-05-05,13.05
2023-05-06,13.066666666666666
2023-05-07,13.083333333333334
2023-05-08,13.1
2023-05-09,13.133333333333333
2023-05-10,13.133333333333333
2023-05-11,13.166666666666666
2023-05-12,13.166666666666666
2023-05-13,13.2
2023-05-14,13.2
2023-05-15,13.233333333333333
2023-05-16,13.233333333333333
2023-05-17,13.266666666666667
2023-05-18,13.266666666666667
2023-05-19,13.283333333333333
2023-05-20,13.3
2023-05-21,13.3
2023-05-22,13.316666666666666
2023-05-23,13.333333333333334
2023-05-24,13.35
2023-05-25,13.35
2023-05-26,13.383333333333333
2023-05-27,13.383333333333333
2023-05-28,13.4
2023-05-29,13.4
2023-05-30,13.433333333333334
2023-05-31,13.433333333333334
2023-06-01,13.45
2023-06-02,13.45
2023-06-03,13.45
2023-06-04,13.466666666666667
2023-06-05,13.466666666666667
2023-06-06,13.483333333333333
2023-06-07,13.483333333333333
2023-06-08,13.483333333333333
2023-06-09,13.5
2023-06-10,13.5
2023-06-11,13.516666666666667
2023-06-12,13.516666666666667
2023-06-13,13.516666666666667
2023-06-14,13.533333333333333
2023-06-15,13.533333333333333
2023-06-16,13.533333333333333
2023-06-17,13.533333333333333
2023-06-18,13.55
2023-06-19,13.533333333333333
2023-06-20,13.533333333333333
2023-06-21,13.533333333333333
2023-06-22,13.55
2023-06-23,13.55
2023-06-24,13.533333333333333
2023-06-25,13.533333333333333
2023-06-26,13.533333333333333
2023-06-27,13.533333333333333
2023-06-28,13.533333333333333
2023-06-29,13.533333333333333
2023-06-30,13.533333333333333
2023-07-01,13.516666666666667
2023-07-02,13.516666666666667
2023-07-03,13.516666666666667
2023-07-04,13.5
2023-07-05,13.5
2023-07-06,13.5
2023-07-07,13.483333333333333
2023-07-08,13.483333333333333
2023-07-09,13.466666666666667
2023-07-10,13.45
2023-07-11,13.45
2023-07-12,13.433333333333334
2023-07-13,13.433333333333334
2023-07-14,13.416666666666666
2023-07-15,13.416666666666666
2023-07-16,13.383333333333333
2023-07-17,13.383333333333333
2023-07-18,13.383333333333333
2023-07-19,13.366666666666667
2023-07-20,13.35
2023-07-21,13.333333333333334
2023-07-22,13.333333333333334
2023-07-23,13.3
2023-07-24,13.3
2023-07-25,13.283333333333333
2023-07-26,13.266666666666667
2023-07-27,13.266666666666667
2023-07-28,13.233333333333333
2023-07-29,13.233333333333333
2023-07-30,13.2
2023-07-31,13.2
2023-08-01,13.166666666666666
2023-08-02,13.15
2023-08-03,13.15
2023-08-04,13.116666666666667
2023-08-05,13.116666666666667
2023-08-06,13.083333333333334
2023-08-07,13.066666666666666
2023-08-08,13.05
2023-08-09,13.033333333333333
2023-08-10,13.016666666666667
2023-08-11,13.0
2023-08-12,12.983333333333333
2023-08-13,12.95
2023-08-14,12.933333333333334
2023-08-15,12.933333333333334
2023-08-16,12.9
2023-08-17,12.883333333333333
2023-08-18,12.866666666666667
2023-08-19,12.833333333333334
2023-08-20,12.833333333333334
2023-08-21,12.8
2023-08-22,12.783333333333333
2023-08-23,12.766666666666667
2023-08-24,12.733333333333333
2023-08-25,12.716666666666667
2023-08-26,12.7
2023-08-27,12.666666666666666
2023-08-28,12.65
2023-08-29,12.633333333333333
2023-08-30,12.616666666666667
2023-08-31,12.6
2023-09-01,12.583333333333334
2023-09-02,12.55
2023-09-03,12.533333333333333
2023-09-04,12.516666666666667
2023-09-05,12.483333333333333
2023-09-06,12.466666666666667
2023-09-07,12.45
2023-09-08,12.416666666666666
2023-09-09,12.4
2023-09-10,12.383333333333333
2023-09-11,12.35
2023-09-12,12.333333333333334
2023-09-13,12.316666666666666
2023-09-14,12.283333333333333
2023-09-15,12.266666666666667
2023-09-16,12.25
2023-09-17,12.216666666666667
2023-09-18,12.183333333333334
2023-09-19,12.166666666666666
2023-09-20,12.133333333333333
2023-09-21,12.116666666666667
2023-09-22,12.1
2023-09-23,12.083333333333334
2023-09-24,12.05
2023-09-25,12.033333333333333
2023-09-26,12.016666666666667
2023-09-27,11.983333333333333
2023-09-28,11.966666666666667
2023-09-29,11.95
2023-09-30,11.916666666666666
2023-10-01,11.9
2023-10-02,11.866666666666667
2023-10-03,11.85
2023-10-04,11.833333333333334
2023-10-05,11.8
2023-10-06,11.783333333333333
2023-10-07,11.766666666666667
2023-10-08,11.733333333333333
2023-10-09,11.716666666666667
2023-10-10,11.7
2023-10-11,11.683333333333334
2023-10-12,11.666666666666666
2023-10-13,11.633333333333333
2023-10-14,11.616666666666667
2023-10-15,11.583333333333334
2023-10-16,11.566666666666666
2023-10-17,11.55
2023-10-18,11.516666666666667
2023-10-19,11.516666666666667
2023-10-20,11.483333333333333
2023-10-21,11.466666666666667
2023-10-22,11.433333333333334
2023-10-23,11.416666666666666
2023-10-24,11.4
2023-10-25,11.383333333333333
2023-10-26,11.35
2023-10-27,11.333333333333334
2023-10-28,11.316666666666666
2023-10-29,11.3
2023-10-30,11.266666666666667
2023-10-31,11.266666666666667
2023-11-01,11.233333333333333
2023-11-02,11.216666666666667
2023-11-03,11.2
2023-11-04,11.166666666666666
2023-11-05,11.166666666666666
2023-11-06,11.133333333333333
2023-11-07,11.133333333333333
2023-11-08,11.1
2023-11-09,11.083333333333334
2023-11-10,11.066666666666666
2023-11-11,11.05
2023-11-12,11.016666666666667
2023-11-13,11.016666666666667
2023-11-14,11.0
2023-11-15,10.966666666666667
2023-11-16,10.966666666666667
2023-11-17,10.95
2023-11-18,10.916666666666666
2023-11-19,10.916666666666666
2023-11-20,10.9
2023-11-21,10.883333333333333
2023-11-22,10.866666666666667
2023-11-23,10.85
2023-11-24,10.833333333333334
2023-11-25,10.833333333333334
2023-11-26,10.816666666666666
2023-11-27,10.8
2023-11-28,10.8
2023-11-29,10.783333333333333
2023-11-30,10.766666666666667
2023-12-01,10.766666666666667
2023-12-02,10.75
2023-12-03,10.733333333333333
2023-12-04,10.733333333333333
2023-12-05,10.716666666666667
2023-12-06,10.716666666666667
2023-12-07,10.716666666666667
2023-12-08,10.7
2023-12-09,10.683333333333334
2023-12-10,10.683333333333334
2023-12-11,10.683333333333334
2023-12-12,10.666666666666666
2023-12-13,10.666666666666666
2023-12-14,10.666666666666666
2023-12-15,10.65
2023-12-16,10.65
2023-12-17,10.65
2023-12-18,10.65
2023-12-19,10.65
2023-12-20,10.65
2023-12-21,10.65
2023-12-22,10.65
2023-12-23,10.65
2023-12-24,10.65
2023-12-25,10.65
2023-12-26,10.65
2023-12-27,10.65
2023-12-28,10.65
2023-12-29,10.65
2023-12-30,10.666666666666666
2023-12-31,10.666666666666666
2024-01-01,10.666666666666666
2024-01-02,10.666666666666666
2024-01-03,10.683333333333334
2024-01-04,10.7
2024-01-05,10.683333333333334
2024-01-06,10.7
2024-01-07,10.716666666666667
2024-01-08,10.733333333333333
2024-01-09,10.733333333333333
2024-01-10,10.733333333333333
2024-01-11,10.75
2024-01-12,10.75
2024-01-13,10.766666666666667
2024-01-14,10.783333333333333
2024-01-15,10.8
2024-01-16,10.8
2024-01-17,10.816666666666666
2024-01-18,10.833333333333334
2024-01-19,10.833333333333334
2024-01-20,10.85
2024-01-21,10.883333333333333
2024-01-22,10.9
2024-01-23,10.9
2024-01-24,10.916666666666666
2024-01-25,10.933333333333334
2024-01-26,10.95
2024-01-27,10.966666666666667
2024-01-28,10.983333333333333
2024-01-29,11.0
2024-01-30,11.016666666666667
2024-01-31,11.033333333333333
2024-02-01,11.05
2024-02-02,11.066666666666666
2024-02-03,11.083333333333334
2024-02-04,11.116666666666667
2024-02-05,11.116666666666667
2024-02-06,11.15
2024-02-07,11.166666666666666
2024-02-08,11.183333333333334
2024-02-09,11.2
2024-02-10,11.216666666666667
2024-02-11,11.233333333333333
2024-02-12,11.266666666666667
2024-02-13,11.283333333333333
2024-02-14,11.3
2024-02-15,11.316666666666666
2024-02-16,11.35
2024-02-17,11.366666666666667
2024-02-18,11.383333333333333
2024-02-19,11.416666666666666
2024-02-20,11.416666666666666
2024-02-21,11.45
2024-02-22,11.466666666666667
2024-02-23,11.5
2024-02-24,11.5
2024-02-25,11.533333333333333
2024-02-26,11.55
2024-02-27,11.583333333333334
2024-02-28,11.6
2024-02-29,11.633333333333333
2024-03-01,11.633333333333333
2024-03-02,11.666666666666666
2024-03-03,11.683333333333334
2024-03-04,11.716666666666667
2024-03-05,11.733333333333333
2024-03-06,11.766666666666667
2024-03-07,11.783333333333333
2024-03-08,11.816666666666666
2024-03-09,11.833333333333334
2024-03-10,11.85
2024-03-11,11.883333333333333
2024-03-12,11.9
2024-03-13,11.916666666666666
2024-03-14,11.933333333333334
2024-03-15,11.95
2024-03-16,11.983333333333333
2024-03-17,12.0
2024-03-18,12.033333333333333
2024-03-19,12.05
2024-03-20,12.066666666666666
2024-03-21,12.1
2024-03-22,12.116666666666667
2024-03-23,12.15
2024-03-24,12.166666666666666
2024-03-25,12.183333333333334
2024-03-26,12.216666666666667
2024-03-27,12.233333333333333
2024-03-28,12.266666666666667
2024-03-29,12.283333333333333
2024-03-30,12.3
2024-03-31,12.333333333333334
2024-04-01,12.35
2024-04-02,12.366666666666667
2024-04-03,12.4
2024-04-04,12.416666666666666
2024-04-05,12.45
2024-04-06,12.466666666666667
2024-04-07,12.483333333333333
2024-04-08,12.516666666666667
2024-04-09,12.533333333333333
2024-04-10,12.566666666666666
2024-04-11,12.583333333333334
2024-04-12,12.6
2024-04-13,12.616666666666667
2024-04-14,12.633333333333333
2024-04-15,12.666666666666666
2024-04-16,12.683333333333334
2024-04-17,12.7
2024-04-18,12.733333333333333
2024-04-19,12.75
2024-04-20,12.783333333333333
2024-04-21,12.783333333333333
2024-04-22,12.8
2024-04-23,12.833333333333334
2024-04-24,12.85
2024-04-25,12.883333333333333
2024-04-26,12.883333333333333
2024-04-27,12.916666666666666
2024-04-28,12.933333333333334
2024-04-29,12.95
2024-04-30,12.966666666666667
2024-05-01,12.983333333333333
2024-05-02,13.016666666666667
2024-05-03,13.016666666666667
2024-05-04,13.05
2024-05-05,13.066666666666666
2024-05-06,13.083333333333334
2024-05-07,13.1
2024-05-08,13.116666666666667
2024-05-09,13.133333333333333
2024-05-10,13.166666666666666
2024-05-11,13.166666666666666
2024-05-12,13.2
2024-05-13,13.2
2024-05-14,13.216666666666667
2024-05-15,13.233333333333333
2024-05-16,13.233333333333333
2024-05-17,13.266666666666667
2024-05-18,13.266666666666667
2024-05-19,13.3
2024-05-20,13.3
2024-05-21,13.316666666666666
2024-05-22,13.333333333333334
2024-05-23,13.35
2024-05-24,13.35
2024-05-25,13.383333333333333
2024-05-26,13.383333333333333
2024-05-27,13.4
2024-05-28,13.4
2024-05-29,13.433333333333334
2024-05-30,13.433333333333334
2024-05-31,13.433333333333334
2024-06-01,13.45
2024-06-02,13.45
2024-06-03,13.466666666666667
2024-06-04,13.466666666666667
2024-06-05,13.483333333333333
2024-06-06,13.483333333333333
2024-06-07,13.483333333333333
2024-06-08,13.5
2024-06-09,13.5
2024-06-10,13.5
2024-06-11,13.516666666666667
2024-06-12,13.516666666666667
2024-06-13,13.516666666666667
2024-06-14,13.533333333333333
2024-06-15,13.533333333333333
2024-06-16,13.533333333333333
2024-06-17,13.55
2024-06-18,13.533333333333333
2024-06-19,13.533333333333333
2024-06-20,13.533333333333333
2024-06-21,13.55
2024-06-22,13.55
2024-06-23,13.533333333333333
2024-06-24,13.533333333333333
2024-06-25,13.533333333333333
2024-06-26,13.533333333333333
2024-06-27,13.533333333333333
2024-06-28,13.533333333333333
2024-06-29,13.533333333333333
2024-06-30,13.516666666666667
2024-07-01,13.516666666666667
2024-07-02,13.516666666666667
2024-07-03,13.5
2024-07-04,13.5
2024-07-05,13.5
2024-07-06,13.483333333333333
2024-07-07,13.483333333333333
2024-07-08,13.466666666666667
2024-07-09,13.466666666666667
2024-07-10,13.45
2024-07-11,13.433333333333334
2024-07-12,13.433333333333334
2024-07-13,13.416666666666666
2024-07-14,13.416666666666666
2024-07-15,13.4
2024-07-16,13.383333333333333
2024-07-17,13.383333333333333
2024-07-18,13.366666666666667
2024-07-19,13.35
2024-07-20,13.333333333333334
2024-07-21,13.333333333333334
2024-07-22,13.316666666666666
2024-07-23,13.3
2024-07-24,13.3
2024-07-25,13.266666666666667
2024-07-26,13.266666666666667
2024-07-27,13.233333333333333
2024-07-28,13.233333333333333
2024-07-29,13.2
2024-07-30,13.2
2024-07-31,13.183333333333334
2024-08-01,13.166666666666666
2024-08-02,13.15
2024-08-03,13.116666666666667
2024-08-04,13.116666666666667
2024-08-05,13.083333333333334
2024-08-06,13.083333333333334
2024-08-07,13.066666666666666
2024-08-08,13.033333333333333
2024-08-09,13.016666666666667
2024-08-10,13.0
2024-08-11,12.983333333333333
2024-08-12,12.966666666666667
2024-08-13,12.95
2024-08-14,12.933333333333334
2024-08-15,12.9
2024-08-16,12.883333333333333
2024-08-17,12.866666666666667
2024-08-18,12.85
2024-08-19,12.833333333333334
2024-08-20,12.8
2024-08-21,12.783333333333333
2024-08-22,12.766666666666667
2024-08-23,12.733333333333333
2024-08-24,12.716666666666667
2024-08-25,12.7
2024-08-26,12.683333333333334
2024-08-27,12.666666666666666
2024-08-28,12.65
2024-08-29,12.616666666666667
2024-08-30,12.6
2024-08-31,12.583333333333334
2024-09-01,12.55
2024-09-02,12.533333333333333
2024-09-03,12.516666666666667
2024-09-04,12.483333333333333
2024-09-05,12.466666666666667
2024-09-06,12.45
2024-09-07,12.416666666666666
2024-09-08,12.4
2024-09-09,12.383333333333333
2024-09-10,12.35
2024-09-11,12.333333333333334
2024-09-12,12.316666666666666
2024-09-13,12.283333333333333
2024-09-14,12.266666666666667
2024-09-15,12.25
2024-09-16,12.233333333333333
2024-09-17,12.2
2024-09-18,12.183333333333334
2024-09-19,12.166666666666666
2024-09-20,12.133333333333333
2024-09-21,12.116666666666667
2024-09-22,12.1
2024-09-23,12.066666666666666
2024-09-24,12.05
2024-09-25,12.016666666666667
2024-09-26,11.983333333333333
2024-09-27,11.966666666666667
2024-09-28,11.95
2024-09-29,11.916666666666666
2024-09-30,11.9
2024-10-01,11.883333333333333
2024-10-02,11.85
2024-10-03,11.833333333333334
2024-10-04,11.816666666666666
2024-10-05,11.8
2024-10-06,11.783333333333333
2024-10-07,11.75
2024-10-08,11.733333333333333
2024-10-09,11.716666666666667
2024-10-10,11.683333333333334
2024-10-11,11.666666666666666
2024-10-12,11.633333333333333
2024-10-13,11.616666666666667
2024-10-14,11.6
2024-10-15,11.566666666666666
2024-10-16,11.55
2024-10-17,11.533333333333333
2024-10-18,11.516666666666667
2024-10-19,11.483333333333333
2024-10-20,11.466666666666667
2024-10-21,11.433333333333334
2024-10-22,11.416666666666666
2024-10-23,11.4
2024-10-24,11.383333333333333
2024-10-25,11.35
2024-10-26,11.333333333333334
2024-10-27,11.316666666666666
2024-10-28,11.3
2024-10-29,11.266666666666667
2024-10-30,11.266666666666667
2024-10-31,11.233333333333333
2024-11-01,11.233333333333333
2024-11-02,11.2
2024-11-03,11.166666666666666
2024-11-04,11.166666666666666
2024-11-05,11.133333333333333
2024-11-06,11.133333333333333
2024-11-07,11.1
2024-11-08,11.083333333333334
2024-11-09,11.066666666666666
2024-11-10,11.05
2024-11-11,11.033333333333333
2024-11-12,11.016666666666667
2024-11-13,11.0
2024-11-14,10.983333333333333
2024-11-15,10.966666666666667
2024-11-16,10.95
2024-11-17,10.933333333333334
2024-11-18,10.916666666666666
2024-11-19,10.9
2024-11-20,10.9
2024-11-21,10.883333333333333
2024-11-22,10.85
2024-11-23,10.85
2024-11-24,10.833333333333334
2024-11-25,10.816666666666666
2024-11-26,10.816666666666666
2024-11-27,10.8
2024-11-28,10.783333333333333
2024-11-29,10.766666666666667
2024-11-30,10.766666666666667
2024-12-01,10.75
2024-12-02,10.733333333333333
2024-12-03,10.733333333333333
2024-12-04,10.716666666666667
2024-12-05,10.716666666666667
2024-12-06,10.716666666666667
2024-12-07,10.7
2024-12-08,10.683333333333334
2024-12-09,10.683333333333334
2024-12-10,10.683333333333334
2024-12-11,10.666666666666666
2024-12-12,10.666666666666666
2024-12-13,10.666666666666666
2024-12-14,10.666666666666666
2024-12-15,10.65
2024-12-16,10.65
2024-12-17,10.65
2024-12-18,10.65
2024-12-19,10.65
2024-12-20,10.633333333333333
2024-12-21,10.65
2024-12-22,10.633333333333333
2024-12-23,10.65
2024-12-24,10.65
2024-12-25,10.65
2024-12-26,10.65
2024-12-27,10.65
2024-12-28,10.666666666666666
2024-12-29,10.65
2024-12-30,10.666666666666666
2024-12-31,10.683333333333334
2025-01-01,10.666666666666666
2025-01-02,10.683333333333334
2025-01-03,10.7
2025-01-04,10.683333333333334
2025-01-05,10.7
2025-01-06,10.716666666666667
2025-01-07,10.716666666666667
2025-01-08,10.733333333333333
2025-01-09,10.733333333333333
2025-01-10,10.733333333333333
2025-01-11,10.75
2025-01-12,10.766666666666667
2025-01-13,10.783333333333333
2025-01-14,10.783333333333333
2025-01-15,10.8
2025-01-16,10.816666666666666
2025-01-17,10.833333333333334
2025-01-18,10.833333333333334
2025-01-19,10.85
2025-01-20,10.883333333333333
2025-01-21,10.883333333333333
2025-01-22,10.9
2025-01-23,10.916666666666666
2025-01-24,10.933333333333334
2025-01-25,10.933333333333334
2025-01-26,10.966666666666667
2025-01-27,10.983333333333333
2025-01-28,10.983333333333333
2025-01-29,11.016666666666667
2025-01-30,11.033333333333333
2025-01-31,11.033333333333333
2025-02-01,11.066666666666666
2025-02-02,11.083333333333334
2025-02-03,11.1
2025-02-04,11.116666666666667
2025-02-05,11.15
2025-02-06,11.15
2025-02-07,11.183333333333334
2025-02-08,11.2
2025-02-09,11.216666666666667
2025-02-10,11.233333333333333
2025-02-11,11.266666666666667
2025-02-12,11.266666666666667
2025-02-13,11.3
2025-02-14,11.316666666666666
2025-02-15,11.333333333333334
2025-02-16,11.35
2025-02-17,11.383333333333333
2025-02-18,11.416666666666666
2025-02-19,11.416666666666666
2025-02-20,11.45
2025-02-21,11.466666666666667
2025-02-22,11.5
2025-02-23,11.5
2025-02-24,11.533333333333333
2025-02-25,11.55
2025-02-26,11.583333333333334
2025-02-27,11.6
2025-02-28,11.616666666666667
2025-03-01,11.633333333333333
2025-03-02,11.666666666666666
2025-03-03,11.683333333333334
2025-03-04,11.716666666666667
2025-03-05,11.733333333333333
2025-03-06,11.766666666666667
2025-03-07,11.783333333333333
2025-03-08,11.8
2025-03-09,11.816666666666666
2025-03-10,11.833333333333334
2025-03-11,11.866666666666667
2025-03-12,11.883333333333333
2025-03-13,11.916666666666666
2025-03-14,11.933333333333334
2025-03-15,11.95
2025-03-16,11.983333333333333
2025-03-17,12.0
2025-03-18,12.033333333333333
2025-03-19,12.05
2025-03-20,12.066666666666666
2025-03-21,12.1
2025-03-22,12.116666666666667
2025-03-23,12.15
2025-03-24,12.166666666666666
2025-03-25,12.183333333333334
2025-03-26,12.216666666666667
2025-03-27,12.233333333333333
2025-03-28,12.25
2025-03-29,12.283333333333333
2025-03-30,12.3
2025-03-31,12.333333333333334
2025-04-01,12.35
2025-04-02,12.366666666666667
2025-04-03,12.4
2025-04-04,12.416666666666666
2025-04-05,12.433333333333334
2025-04-06,12.466666666666667
2025-04-07,12.483333333333333
2025-04-08,12.516666666666667
2025-04-09,12.533333333333333
2025-04-10,12.533333333333333
2025-04-11,12.566666666666666
2025-04-12,12.583333333333334
2025-04-13,12.616666666666667
2025-04-14,12.633333333333333
2025-04-15,12.65
2025-04-16,12.683333333333334
2025-04-17,12.7
2025-04-18,12.733333333333333
2025-04-19,12.733333333333333
2025-04-20,12.75
2025-04-21,12.783333333333333
2025-04-22,12.8
2025-04-23,12.833333333333334
2025-04-24,12.85
2025-04-25,12.866666666666667
2025-04-26,12.883333333333333
2025-04-27,12.9
2025-04-28,12.933333333333334
2025-04-29,12.933333333333334
2025-04-30,12.966666666666667
2025-05-01,12.983333333333333
2025-05-02,13.0
2025-05-03,13.016666666666667
2025-05-04,13.05
2025-05-05,13.05
2025-05-06,13.083333333333334
2025-05-07,13.1
2025-05-08,13.116666666666667
2025-05-09,13.133333333333333
2025-05-10,13.133333333333333
2025-05-11,13.166666666666666
2025-05-12,13.166666666666666
2025-05-13,13.2
2025-05-14,13.2
2025-05-15,13.233333333333333
2025-05-16,13.233333333333333
2025-05-17,13.266666666666667
2025-05-18,13.266666666666667
2025-05-19,13.3
2025-05-20,13.3
2025-05-21,13.316666666666666
2025-05-22,13.333333333333334
2025-05-23,13.35
2025-05-24,13.35
2025-05-25,13.383333333333333
2025-05-26,13.383333333333333
2025-05-27,13.4
2025-05-28,13.4
2025-05-29,13.4
2025-05-30,13.433333333333334
2025-05-31,13.433333333333334
2025-06-01,13.45
2025-06-02,13.45
2025-06-03,13.466666666666667
2025-06-04,13.466666666666667
2025-06-05,13.466666666666667
2025-06-06,13.483333333333333
2025-06-07,13.483333333333333
2025-06-08,13.5
2025-06-09,13.5
2025-06-10,13.5
2025-06-11,13.516666666666667
2025-06-12,13.516666666666667
2025-06-13,13.516666666666667
2025-06-14,13.533333333333333
2025-06-15,13.533333333333333
2025-06-16,13.533333333333333
2025-06-17,13.55
2025-06-18,13.55
2025-06-19,13.533333333333333
2025-06-20,13.533333333333333
2025-06-21,13.55
2025-06-22,13.55
2025-06-23,13.533333333333333
2025-06-24,13.533333333333333
2025-06-25,13.533333333333333
2025-06-26,13.533333333333333
2025-06-27,13.533333333333333
2025-06-28,13.533333333333333
2025-06-29,13.533333333333333
2025-06-30,13.516666666666667
2025-07-01,13.516666666666667
2025-07-02,13.516666666666667
2025-07-03,13.5
2025-07-04,13.5
2025-07-05,13.5
2025-07-06,13.483333333333333
2025-07-07,13.483333333333333
2025-07-08,13.483333333333333
2025-07-09,13.466666666666667
2025-07-10,13.45
2025-07-11,13.433333333333334
2025-07-12,13.433333333333334
2025-07-13,13.433333333333334
2025-07-14,13.416666666666666
2025-07-15,13.416666666666666
2025-07-16,13.383333333333333
2025-07-17,13.383333333333333
2025-07-18,13.366666666666667
2025-07-19,13.35
2025-07-20,13.35
2025-07-21,13.333333333333334
2025-07-22,13.316666666666666
2025-07-23,13.3
2025-07-24,13.3
2025-07-25,13.266666666666667
2025-07-26,13.266666666666667
2025-07-27,13.233333333333333
2025-07-28,13.233333333333333
2025-07-29,13.216666666666667
2025-07-30,13.2
2025-07-31,13.183333333333334
2025-08-01,13.166666666666666
2025-08-02,13.15
2025-08-03,13.133333333333333
2025-08-04,13.116666666666667
2025-08-05,13.1
2025-08-06,13.083333333333334
2025-08-07,13.066666666666666
2025-08-08,13.033333333333333
2025-08-09,13.033333333333333
2025-08-10,13.0
2025-08-11,12.983333333333333
2025-08-12,12.966666666666667
2025-08-13,12.95
2025-08-14,12.933333333333334
2025-08-15,12.9
2025-08-16,12.883333333333333
2025-08-17,12.883333333333333
2025-08-18,12.85
2025-08-19,12.833333333333334
2025-08-20,12.816666666666666
2025-08-21,12.783333333333333
2025-08-22,12.766666666666667
2025-08-23,12.733333333333333
2025-08-24,12.733333333333333
2025-08-25,12.716666666666667
2025-08-26,12.683333333333334
2025-08-27,12.666666666666666
2025-08-28,12.65
2025-08-29,12.616666666666667
2025-08-30,12.6
2025-08-31,12.583333333333334
2025-09-01,12.55
2025-09-02,12.533333333333333
2025-09-03,12.516666666666667
2025-09-04,12.483333333333333
2025-09-05,12.466666666666667
2025-09-06,12.45
2025-09-07,12.416666666666666
2025-09-08,12.4
2025-09-09,12.383333333333333
2025-09-10,12.35
2025-09-11,12.333333333333334
2025-09-12,12.316666666666666
2025-09-13,12.3
2025-09-14,12.266666666666667
2025-09-15,12.25
2025-09-16,12.233333333333333
2025-09-17,12.2
2025-09-18,12.183333333333334
2025-09-19,12.166666666666666
2025-09-20,12.133333333333333
2025-09-21,12.116666666666667
2025-09-22,12.1
2025-09-23,12.066666666666666
2025-09-24,12.05
2025-09-25,12.033333333333333
2025-09-26,12.0
2025-09-27,11.983333333333333
2025-09-28,11.966666666666667
2025-09-29,11.933333333333334
2025-09-30,11.916666666666666
2025-10-01,11.9
2025-10-02,11.866666666666667
2025-10-03,11.85
2025-10-04,11.833333333333334
2025-10-05,11.8
2025-10-06,11.783333333333333
2025-10-07,11.75
2025-10-08,11.733333333333333
2025-10-09,11.716666666666667
2025-10-10,11.683333333333334
2025-10-11,11.666666666666666
2025-10-12,11.633333333333333
2025-10-13,11.616666666666667
2025-10-14,11.6
2025-10-15,11.566666666666666
2025-10-16,11.566666666666666
2025-10-17,11.533333333333333
2025-10-18,11.516666666666667
2025-10-19,11.483333333333333
2025-10-20,11.466666666666667
2025-10-21,11.433333333333334
2025-10-22,11.433333333333334
2025-10-23,11.416666666666666
2025-10-24,11.383333333333333
2025-10-25,11.366666666666667
2025-10-26,11.35
2025-10-27,11.316666666666666
2025-10-28,11.3
2025-10-29,11.283333333333333
2025-10-30,11.266666666666667
2025-10-31,11.233333333333333
2025-11-01,11.233333333333333
2025-11-02,11.2
2025-11-03,11.183333333333334
2025-11-04,11.166666666666666
2025-11-05,11.133333333333333
2025-11-06,11.133333333333333
2025-11-07,11.1
2025-11-08,11.1
2025-11-09,11.066666666666666
2025-11-10,11.05
2025-11-11,11.05
2025-11-12,11.016666666666667
2025-11-13,11.0
2025-11-14,10.983333333333333
2025-11-15,10.966666666666667
2025-11-16,10.95
2025-11-17,10.933333333333334
2025-11-18,10.916666666666666
2025-11-19,10.9
2025-11-20,10.9
2025-11-21,10.883333333333333
2025-11-22,10.85
2025-11-23,10.85
2025-11-24,10.833333333333334
2025-11-25,10.816666666666666
2025-11-26,10.816666666666666
2025-11-27,10.8
2025-11-28,10.783333333333333
2025-11-29,10.783333333333333
2025-11-30,10.766666666666667
2025-12-01,10.75
2025-12-02,10.75
2025-12-03,10.733333333333333
2025-12-04,10.716666666666667
2025-12-05,10.7
2025-12-06,10.716666666666667
2025-12-07,10.7
2025-12-08,10.7
2025-12-09,10.683333333333334
2025-12-10,10.683333333333334
2025-12-11,10.683333333333334
2025-12-12,10.666666666666666
2025-12-13,10.65
2025-12-14,10.666666666666666
2025-12-15,10.65
2025-12-16,10.666666666666666
2025-12-17,10.65
2025-12-18,10.633333333333333
2025-12-19,10.65
2025-12-20,10.633333333333333
2025-12-21,10.65
2025-12-22,10.633333333333333
2025-12-23,10.65
2025-12-24,10.633333333333333
2025-12-25,10.65
2025-12-26,10.65
2025-12-27,10.65
2025-12-28,10.666666666666666
2025-12-29,10.65
2025-12-30,10.666666666666666
2025-12-31,10.683333333333334
2026-01-01,10.666666666666666
2026-01-02,10.683333333333334
2026-01-03,10.683333333333334
2026-01-04,10.683333333333334
2026-01-05,10.7
2026-01-06,10.716666666666667
2026-01-07,10.716666666666667
2026-01-08,10.733333333333333
2026-01-09,10.75
2026-01-10,10.733333333333333
2026-01-11,10.75
2026-01-12,10.766666666666667
2026-01-13,10.766666666666667
2026-01-14,10.783333333333333
2026-01-15,10.8
2026-01-16,10.816666666666666
2026-01-17,10.816666666666666
2026-01-18,10.833333333333334
2026-01-19,10.85
2026-01-20,10.883333333333333
2026-01-21,10.883333333333333
2026-01-22,10.9
2026-01-23,10.916666666666666
2026-01-24,10.916666666666666
2026-01-25,10.933333333333334
2026-01-26,10.966666666666667
2026-01-27,10.983333333333333
2026-01-28,10.983333333333333
2026-01-29,11.016666666666667
2026-01-30,11.033333333333333
2026-01-31,11.033333333333333
2026-02-01,11.066666666666666
2026-02-02,11.083333333333334
2026-02-03,11.1
2026-02-04,11.116666666666667
2026-02-05,11.133333333333333
2026-02-06,11.15
2026-02-07,11.166666666666666
2026-02-08,11.2
2026-02-09,11.216666666666667
2026-02-10,11.233333333333333
2026-02-11,11.25
2026-02-12,11.266666666666667
2026-02-13,11.3
2026-02-14,11.316666666666666
2026-02-15,11.333333333333334
2026-02-16,11.35
2026-02-17,11.383333333333333
2026-02-18,11.383333333333333
2026-02-19,11.416666666666666
2026-02-20,11.45
2026-02-21,11.466666666666667
2026-02-22,11.483333333333333
2026-02-23,11.5
2026-02-24,11.533333333333333
2026-02-25,11.55
2026-02-26,11.583333333333334
2026-02-27,11.583333333333334
2026-02-28,11.616666666666667
2026-03-01,11.633333333333333
2026-03-02,11.666666666666666
2026-03-03,11.683333333333334
2026-03-04,11.716666666666667
2026-03-05,11.733333333333333
2026-03-06,11.75
2026-03-07,11.766666666666667
2026-03-08,11.783333333333333
2026-03-09,11.816666666666666
2026-03-10,11.833333333333334
2026-03-11,11.866666666666667
2026-03-12,11.883333333333333
2026-03-13,11.9
2026-03-14,11.933333333333334
2026-03-15,11.95
2026-03-16,11.983333333333333
2026-03-17,12.0
2026-03-18,12.016666666666667
2026-03-19,12.05
2026-03-20,12.066666666666666
2026-03-21,12.1
2026-03-22,12.116666666666667
2026-03-23,12.133333333333333
2026-03-24,12.166666666666666
2026-03-25,12.183333333333334
2026-03-26,12.216666666666667
2026-03-27,12.233333333333333
2026-03-28,12.25
2026-03-29,12.283333333333333
2026-03-30,12.3
2026-03-31,12.316666666666666
2026-04-01,12.35
2026-04-02,12.366666666666667
2026-04-03,12.4
2026-04-04,12.416666666666666
2026-04-05,12.433333333333334
2026-04-06,12.45
2026-04-07,12.466666666666667
2026-04-08,12.5
2026-04-09,12.516666666666667
2026-04-10,12.533333333333333
2026-04-11,12.566666666666666
2026-04-12,12.583333333333334
2026-04-13,12.6
2026-04-14,12.633333333333333
2026-04-15,12.65
2026-04-16,12.683333333333334
2026-04-17,12.7
2026-04-18,12.716666666666667
2026-04-19,12.733333333333333
2026-04-20,12.75
2026-04-21,12.783333333333333
2026-04-22,12.8
2026-04-23,12.833333333333334
2026-04-24,12.833333333333334
2026-04-25,12.85
2026-04-26,12.883333333333333
2026-04-27,12.9
2026-04-28,12.916666666666666
2026-04-29,12.933333333333334
2026-04-30,12.966666666666667
2026-05-01,12.983333333333333
2026-05-02,13.0
2026-05-03,13.016666666666667
2026-05-04,13.05
2026-05-05,13.05
2026-05-06,13.066666666666666
2026-05-07,13.1
2026-05-08,13.1
2026-05-09,13.133333333333333
2026-05-10,13.133333333333333
2026-05-11,13.166666666666666
2026-05-12,13.166666666666666
2026-05-13,13.2
2026-05-14,13.2
2026-05-15,13.233333333333333
2026-05-16,13.233333333333333
2026-05-17,13.266666666666667
2026-05-18,13.266666666666667
2026-05-19,13.283333333333333
2026-05-20,13.3
2026-05-21,13.316666666666666
2026-05-22,13.333333333333334
2026-05-23,13.35
2026-05-24,13.35
2026-05-25,13.35
2026-05-26,13.383333333333333
2026-05-27,13.383333333333333
2026-05-28,13.4
2026-05-29,13.4
2026-05-30,13.433333333333334
2026-05-31,13.433333333333334
2026-06-01,13.45
2026-06-02,13.45
2026-06-03,13.45
2026-06-04,13.466666666666667
2026-06-05,13.466666666666667
2026-06-06,13.483333333333333
2026-06-07,13.483333333333333
2026-06-08,13.483333333333333
2026-06-09,13.5
2026-06-10,13.5
2026-06-11,13.516666666666667
2026-06-12,13.516666666666667
2026-06-13,13.516666666666667
2026-06-14,13.533333333333333
2026-06-15,13.533333333333333
2026-06-16,13.533333333333333
2026-06-17,13.533333333333333
2026-06-18,13.55
2026-06-19,13.533333333333333
2026-06-20,13.533333333333333
2026-06-21,13.533333333333333
2026-06-22,13.55
2026-06-23,13.55
2026-06-24,13.533333333333333
2026-06-25,13.533333333333333
2026-06-26,13.533333333333333
2026-06-27,13.516666666666667
2026-06-28,13.533333333333333
2026-06-29,13.533333333333333
2026-06-30,13.533333333333333
2026-07-01,13.516666666666667
2026-07-02,13.516666666666667
2026-07-03,13.516666666666667
2026-07-04,13.5
2026-07-05,13.5
2026-07-06,13.483333333333333
2026-07-07,13.483333333333333
2026-07-08,13.483333333333333
2026-07-09,13.466666666666667
2026-07-10,13.45
2026-07-11,13.433333333333334
2026-07-12,13.433333333333334
2026-07-13,13.433333333333334
2026-07-14,13.416666666666666
2026-07-15,13.416666666666666
2026-07-16,13.383333333333333
2026-07-17,13.383333333333333
2026-07-18,13.366666666666667
2026-07-19,13.366666666666667
2026-07-20,13.35
2026-07-21,13.333333333333334
2026-07-22,13.316666666666666
2026-07-23,13.3
2026-07-24,13.3
2026-07-25,13.266666666666667
2026-07-26,13.266666666666667
2026-07-27,13.25
2026-07-28,13.233333333333333
2026-07-29,13.216666666666667
2026-07-30,13.2
2026-07-31,13.183333333333334
2026-08-01,13.166666666666666
2026-08-02,13.15
2026-08-03,13.133333333333333
2026-08-04,13.116666666666667
2026-08-05,13.1
2026-08-06,13.083333333333334
2026-08-07,13.066666666666666
2026-08-08,13.033333333333333
2026-08-09,13.033333333333333
2026-08-10,13.016666666666667
2026-08-11,12.983333333333333
2026-08-12,12.983333333333333
2026-08-13,12.95
2026-08-14,12.933333333333334
2026-08-15,12.916666666666666
2026-08-16,12.9
2026-08-17,12.883333333333333
2026-08-18,12.85
2026-08-19,12.833333333333334
2026-08-20,12.816666666666666
2026-08-21,12.783333333333333
2026-08-22,12.783333333333333
2026-08-23,12.766666666666667
2026-08-24,12.733333333333333
2026-08-25,12.716666666666667
2026-08-26,12.683333333333334
2026-08-27,12.666666666666666
2026-08-28,12.65
2026-08-29,12.616666666666667
2026-08-30,12.6
2026-08-31,12.583333333333334
2026-09-01,12.55
2026-09-02,12.533333333333333
2026-09-03,12.516666666666667
2026-09-04,12.483333333333333
2026-09-05,12.466666666666667
2026-09-06,12.45
2026-09-07,12.433333333333334
2026-09-08,12.4
2026-09-09,12.383333333333333
2026-09-10,12.366666666666667
2026-09-11,12.333333333333334
2026-09-12,12.316666666666666
2026-09-13,12.3
2026-09-14,12.266666666666667
2026-09-15,12.25
2026-09-16,12.233333333333333
2026-09-17,12.2
2026-09-18,12.183333333333334
2026-09-19,12.166666666666666
2026-09-20,12.133333333333333
2026-09-21,12.116666666666667
2026-09-22,12.1
2026-09-23,12.066666666666666
2026-09-24,12.05
2026-09-25,12.033333333333333
2026-09-26,12.0
2026-09-27,11.983333333333333
2026-09-28,11.966666666666667
2026-09-29,11.933333333333334
2026-09-30,11.916666666666666
2026-10-01,11.9
2026-10-02,11.866666666666667
2026-10-03,11.85
2026-10-04,11.833333333333334
2026-10-05,11.8
2026-10-06,11.783333333333333
2026-10-07,11.766666666666667
2026-10-08,11.733333333333333
2026-10-09,11.716666666666667
2026-10-10,11.683333333333334
2026-10-11,11.666666666666666
2026-10-12,11.65
2026-10-13,11.616666666666667
2026-10-14,11.616666666666667
2026-10-15,11.583333333333334
2026-10-16,11.566666666666666
2026-10-17,11.533333333333333
2026-10-18,11.516666666666667
2026-10-19,11.5
2026-10-20,11.466666666666667
2026-10-21,11.466666666666667
2026-10-22,11.433333333333334
2026-10-23,11.416666666666666
2026-10-24,11.383333333333333
2026-10-25,11.383333333333333
2026-10-26,11.35
2026-10-27,11.333333333333334
2026-10-28,11.3
2026-10-29,11.3
2026-10-30,11.266666666666667
2026-10-31,11.233333333333333
2026-11-01,11.233333333333333
2026-11-02,11.2
2026-11-03,11.2
2026-11-04,11.166666666666666
2026-11-05,11.15
2026-11-06,11.133333333333333
2026-11-07,11.1
2026-11-08,11.1
2026-11-09,11.066666666666666
2026-11-10,11.066666666666666
2026-11-11,11.05
2026-11-12,11.016666666666667
2026-11-13,11.016666666666667
2026-11-14,10.983333333333333
2026-11-15,10.966666666666667
2026-11-16,10.966666666666667
2026-11-17,10.95
2026-11-18,10.916666666666666
2026-11-19,10.916666666666666
2026-11-20,10.9
2026-11-21,10.883333333333333
2026-11-22,10.866666666666667
2026-11-23,10.85
2026-11-24,10.833333333333334
2026-11-25,10.833333333333334
2026-11-26,10.816666666666666
2026-11-27,10.8
2026-11-28,10.783333333333333
2026-11-29,10.783333333333333
2026-11-30,10.766666666666667
2026-12-01,10.75
2026-12-02,10.75
2026-12-03,10.733333333333333
2026-12-04,10.716666666666667
2026-12-05,10.716666666666667
2026-12-06,10.716666666666667
2026-12-07,10.7
2026-12-08,10.7
2026-12-09,10.683333333333334
2026-12-10,10.683333333333334
2026-12-11,10.683333333333334
2026-12-12,10.666666666666666
2026-12-13,10.65
2026-12-14,10.666666666666666
2026-12-15,10.65
2026-12-16,10.666666666666666
2026-12-17,10.65
2026-12-18,10.65
2026-12-19,10.65
2026-12-20,10.633333333333333
2026-12-21,10.65
2026-12-22,10.633333333333333
2026-12-23,10.65
2026-12-24,10.633333333333333
2026-12-25,10.65
2026-12-26,10.65
2026-12-27,10.65
2026-12-28,10.666666666666666
2026-12-29,10.65
2026-12-30,10.666666666666666
2026-12-31,10.666666666666666
2027-01-01,10.666666666666666
2027-01-02,10.683333333333334
2027-01-03,10.683333333333334
2027-01-04,10.7
2027-01-05,10.7
2027-01-06,10.7
2027-01-07,10.716666666666667
2027-01-08,10.733333333333333
2027-01-09,10.733333333333333
2027-01-10,10.733333333333333
2027-01-11,10.75
2027-01-12,10.766666666666667
2027-01-13,10.766666666666667
2027-01-14,10.783333333333333
2027-01-15,10.8
2027-01-16,10.8
2027-01-17,10.816666666666666
2027-01-18,10.833333333333334
2027-01-19,10.85
2027-01-20,10.85
2027-01-21,10.883333333333333
2027-01-22,10.9
2027-01-23,10.9
2027-01-24,10.916666666666666
2027-01-25,10.933333333333334
2027-01-26,10.966666666666667
2027-01-27,10.966666666666667
2027-01-28,10.983333333333333
2027-01-29,11.016666666666667
2027-01-30,11.016666666666667
2027-01-31,11.033333333333333
2027-02-01,11.066666666666666
2027-02-02,11.066666666666666
2027-02-03,11.083333333333334
2027-02-04,11.116666666666667
2027-02-05,11.116666666666667
2027-02-06,11.15
2027-02-07,11.166666666666666
2027-02-08,11.183333333333334
2027-02-09,11.2
2027-02-10,11.233333333333333
2027-02-11,11.25
2027-02-12,11.266666666666667
2027-02-13,11.283333333333333
2027-02-14,11.3
2027-02-15,11.333333333333334
2027-02-16,11.35
2027-02-17,11.366666666666667
2027-02-18,11.383333333333333
2027-02-19,11.416666666666666
2027-02-20,11.433333333333334
2027-02-21,11.45
2027-02-22,11.466666666666667
2027-02-23,11.5
2027-02-24,11.533333333333333
2027-02-25,11.55
2027-02-26,11.566666666666666
2027-02-27,11.583333333333334
2027-02-28,11.616666666666667
2027-03-01,11.633333333333333
2027-03-02,11.65
2027-03-03,11.683333333333334
2027-03-04,11.683333333333334
2027-03-05,11.716666666666667
2027-03-06,11.733333333333333
2027-03-07,11.766666666666667
2027-03-08,11.783333333333333
2027-03-09,11.816666666666666
2027-03-10,11.833333333333334
2027-03-11,11.866666666666667
2027-03-12,11.883333333333333
2027-03-13,11.9
2027-03-14,11.933333333333334
2027-03-15,11.95
2027-03-16,11.983333333333333
2027-03-17,12.0
2027-03-18,12.016666666666667
2027-03-19,12.05
2027-03-20,12.066666666666666
2027-03-21,12.1
2027-03-22,12.116666666666667
2027-03-23,12.133333333333333
2027-03-24,12.166666666666666
2027-03-25,12.183333333333334
2027-03-26,12.183333333333334
2027-03-27,12.216666666666667
2027-03-28,12.233333333333333
2027-03-29,12.266666666666667
2027-03-30,12.283333333333333
2027-03-31,12.3
2027-04-01,12.333333333333334
2027-04-02,12.35
2027-04-03,12.383333333333333
2027-04-04,12.4
2027-04-05,12.416666666666666
2027-04-06,12.45
2027-04-07,12.466666666666667
2027-04-08,12.483333333333333
2027-04-09,12.516666666666667
2027-04-10,12.533333333333333
2027-04-11,12.566666666666666
2027-04-12,12.583333333333334
2027-04-13,12.6
2027-04-14,12.633333333333333
2027-04-15,12.65
2027-04-16,12.666666666666666
2027-04-17,12.683333333333334
2027-04-18,12.7
2027-04-19,12.733333333333333
2027-04-20,12.75
2027-04-21,12.783333333333333
2027-04-22,12.8
2027-04-23,12.816666666666666
2027-04-24,12.833333333333334
2027-04-25,12.85
2027-04-26,12.883333333333333
2027-04-27,12.9
2027-04-28,12.916666666666666
2027-04-29,12.933333333333334
2027-04-30,12.966666666666667
2027-05-01,12.966666666666667
2027-05-02,13.0
2027-05-03,13.016666666666667
2027-05-04,13.016666666666667
2027-05-05,13.05
2027-05-06,13.066666666666666
2027-05-07,13.083333333333334
2027-05-08,13.1
2027-05-09,13.133333333333333
2027-05-10,13.133333333333333
2027-05-11,13.166666666666666
2027-05-12,13.166666666666666
2027-05-13,13.2
2027-05-14,13.2
2027-05-15,13.233333333333333
2027-05-16,13.233333333333333
2027-05-17,13.266666666666667
2027-05-18,13.266666666666667
2027-05-19,13.283333333333333
2027-05-20,13.3
2027-05-21,13.316666666666666
2027-05-22,13.316666666666666
2027-05-23,13.333333333333334
2027-05-24,13.35
2027-05-25,13.35
2027-05-26,13.383333333333333
2027-05-27,13.383333333333333
2027-05-28,13.4
2027-05-29,13.4
2027-05-30,13.433333333333334
2027-05-31,13.433333333333334
2027-06-01,13.45
2027-06-02,13.45
2027-06-03,13.45
2027-06-04,13.466666666666667
2027-06-05,13.466666666666667
2027-06-06,13.483333333333333
2027-06-07,13.483333333333333
2027-06-08,13.483333333333333
2027-06-09,13.5
2027-06-10,13.5
2027-06-11,13.516666666666667
2027-06-12,13.516666666666667
2027-06-13,13.516666666666667
2027-06-14,13.533333333333333
2027-06-15,13.533333333333333
2027-06-16,13.533333333333333
2027-06-17,13.533333333333333
2027-06-18,13.55
2027-06-19,13.533333333333333
2027-06-20,13.533333333333333
2027-06-21,13.533333333333333
2027-06-22,13.55
2027-06-23,13.55
2027-06-24,13.533333333333333
2027-06-25,13.533333333333333
2027-06-26,13.533333333333333
2027-06-27,13.533333333333333
2027-06-28,13.533333333333333
2027-06-29,13.533333333333333
2027-06-30,13.533333333333333
2027-07-01,13.516666666666667
2027-07-02,13.516666666666667
2027-07-03,13.516666666666667
2027-07-04,13.5
2027-07-05,13.5
2027-07-06,13.5
2027-07-07,13.483333333333333
2027-07-08,13.483333333333333
2027-07-09,13.466666666666667
2027-07-10,13.45
2027-07-11,13.45
2027-07-12,13.433333333333334
2027-07-13,13.433333333333334
2027-07-14,13.416666666666666
2027-07-15,13.416666666666666
2027-07-16,13.383333333333333
2027-07-17,13.383333333333333
2027-07-18,13.383333333333333
2027-07-19,13.366666666666667
2027-07-20,13.35
2027-07-21,13.333333333333334
2027-07-22,13.333333333333334
2027-07-23,13.3
2027-07-24,13.3
2027-07-25,13.283333333333333
2027-07-26,13.266666666666667
2027-07-27,13.266666666666667
2027-07-28,13.233333333333333
2027-07-29,13.233333333333333
2027-07-30,13.2
2027-07-31,13.2
2027-08-01,13.166666666666666
2027-08-02,13.15
2027-08-03,13.15
2027-08-04,13.116666666666667
2027-08-05,13.116666666666667
2027-08-06,13.083333333333334
2027-08-07,13.066666666666666
2027-08-08,13.05
2027-08-09,13.033333333333333
2027-08-10,13.016666666666667
2027-08-11,13.0
2027-08-12,12.983333333333333
2027-08-13,12.95
2027-08-14,12.933333333333334
2027-08-15,12.933333333333334
2027-08-16,12.9
2027-08-17,12.883333333333333
2027-08-18,12.866666666666667
2027-08-19,12.833333333333334
2027-08-20,12.816666666666666
2027-08-21,12.8
2027-08-22,12.783333333333333
2027-08-23,12.766666666666667
2027-08-24,12.733333333333333
2027-08-25,12.716666666666667
2027-08-26,12.7
2027-08-27,12.666666666666666
2027-08-28,12.65
2027-08-29,12.633333333333333
2027-08-30,12.6
2027-08-31,12.6
2027-09-01,12.583333333333334
2027-09-02,12.55
2027-09-03,12.533333333333333
2027-09-04,12.516666666666667
2027-09-05,12.483333333333333
2027-09-06,12.466666666666667
2027-09-07,12.45
2027-09-08,12.416666666666666
2027-09-09,12.4
2027-09-10,12.383333333333333
2027-09-11,12.35
2027-09-12,12.333333333333334
2027-09-13,12.316666666666666
2027-09-14,12.283333333333333
2027-09-15,12.266666666666667
2027-09-16,12.25
2027-09-17,12.2
2027-09-18,12.183333333333334
2027-09-19,12.166666666666666
2027-09-20,12.133333333333333
2027-09-21,12.116666666666667
2027-09-22,12.1
2027-09-23,12.083333333333334
2027-09-24,12.05
2027-09-25,12.033333333333333
2027-09-26,12.016666666666667
2027-09-27,11.983333333333333
2027-09-28,11.966666666666667
2027-09-29,11.95
2027-09-30,11.916666666666666
2027-10-01,11.9
2027-10-02,11.866666666666667
2027-10-03,11.85
2027-10-04,11.833333333333334
2027-10-05,11.8
2027-10-06,11.783333333333333
2027-10-07,11.766666666666667
2027-10-08,11.733333333333333
2027-10-09,11.716666666666667
2027-10-10,11.683333333333334
2027-10-11,11.683333333333334
2027-10-12,11.666666666666666
2027-10-13,11.633333333333333
2027-10-14,11.616666666666667
2027-10-15,11.583333333333334
2027-10-16,11.566666666666666
2027-10-17,11.55
2027-10-18,11.516666666666667
2027-10-19,11.5
2027-10-20,11.483333333333333
2027-10-21,11.466666666666667
2027-10-22,11.433333333333334
2027-10-23,11.416666666666666
2027-10-24,11.383333333333333
2027-10-25,11.383333333333333
2027-10-26,11.35
2027-10-27,11.333333333333334
2027-10-28,11.316666666666666
2027-10-29,11.3
2027-10-30,11.266666666666667
2027-10-31,11.266666666666667
2027-11-01,11.233333333333333
2027-11-02,11.2
2027-11-03,11.2
2027-11-04,11.166666666666666
2027-11-05,11.166666666666666
2027-11-06,11.133333333333333
2027-11-07,11.133333333333333
2027-11-08,11.1
2027-11-09,11.083333333333334
2027-11-10,11.066666666666666
2027-11-11,11.05
2027-11-12,11.016666666666667
2027-11-13,11.016666666666667
2027-11-14,11.0
2027-11-15,10.966666666666667
2027-11-16,10.966666666666667
2027-11-17,10.95
2027-11-18,10.916666666666666
2027-11-19,10.916666666666666
2027-11-20,10.9
2027-11-21,10.883333333333333
2027-11-22,10.866666666666667
2027-11-23,10.85
2027-11-24,10.833333333333334
2027-11-25,10.833333333333334
2027-11-26,10.816666666666666
2027-11-27,10.8
2027-11-28,10.8
2027-11-29,10.783333333333333
2027-11-30,10.766666666666667
2027-12-01,10.766666666666667
2027-12-02,10.75
2027-12-03,10.733333333333333
2027-12-04,10.716666666666667
2027-12-05,10.716666666666667
2027-12-06,10.716666666666667
2027-12-07,10.7
2027-12-08,10.7
2027-12-09,10.683333333333334
2027-12-10,10.683333333333334
2027-12-11,10.683333333333334
2027-12-12,10.666666666666666
2027-12-13,10.666666666666666
2027-12-14,10.666666666666666
2027-12-15,10.65
2027-12-16,10.65
2027-12-17,10.65
2027-12-18,10.65
2027-12-19,10.65
2027-12-20,10.65
2027-12-21,10.65
2027-12-22,10.65
2027-12-23,10.65
2027-12-24,10.65
2027-12-25,10.65
2027-12-26,10.65
2027-12-27,10.65
2027-12-28,10.65
2027-12-29,10.65
2027-12-30,10.666666666666666
2027-12-31,10.666666666666666
2028-01-01,10.666666666666666
2028-01-02,10.683333333333334
2028-01-03,10.683333333333334
2028-01-04,10.7
2028-01-05,10.7
2028-01-06,10.7
2028-01-07,10.716666666666667
2028-01-08,10.733333333333333
2028-01-09,10.733333333333333
2028-01-10,10.733333333333333
2028-01-11,10.75
2028-01-12,10.75
2028-01-13,10.766666666666667
2028-01-14,10.783333333333333
2028-01-15,10.8
2028-01-16,10.8
2028-01-17,10.816666666666666
2028-01-18,10.833333333333334
2028-01-19,10.833333333333334
2028-01-20,10.85
2028-01-21,10.883333333333333
2028-01-22,10.9
2028-01-23,10.9
2028-01-24,10.916666666666666
2028-01-25,10.933333333333334
2028-01-26,10.95
2028-01-27,10.966666666666667
2028-01-28,10.983333333333333
2028-01-29,11.0
2028-01-30,11.016666666666667
2028-01-31,11.033333333333333
2028-02-01,11.066666666666666
2028-02-02,11.066666666666666
2028-02-03,11.083333333333334
2028-02-04,11.116666666666667
2028-02-05,11.116666666666667
2028-02-06,11.15
2028-02-07,11.166666666666666
2028-02-08,11.183333333333334
2028-02-09,11.2
2028-02-10,11.216666666666667
2028-02-11,11.233333333333333
2028-02-12,11.266666666666667
2028-02-13,11.283333333333333
2028-02-14,11.3
2028-02-15,11.316666666666666
2028-02-16,11.35
2028-02-17,11.366666666666667
2028-02-18,11.383333333333333
2028-02-19,11.416666666666666
2028-02-20,11.416666666666666
2028-02-21,11.45
2028-02-22,11.466666666666667
2028-02-23,11.5
2028-02-24,11.516666666666667
2028-02-25,11.533333333333333
2028-02-26,11.55
2028-02-27,11.583333333333334
2028-02-28,11.6
2028-02-29,11.633333333333333
2028-03-01,11.65
2028-03-02,11.666666666666666
2028-03-03,11.683333333333334
2028-03-04,11.716666666666667
2028-03-05,11.733333333333333
2028-03-06,11.766666666666667
2028-03-07,11.783333333333333
2028-03-08,11.816666666666666
2028-03-09,11.833333333333334
2028-03-10,11.85
2028-03-11,11.883333333333333
2028-03-12,11.9
2028-03-13,11.933333333333334
2028-03-14,11.933333333333334
2028-03-15,11.95
2028-03-16,11.983333333333333
2028-03-17,12.0
2028-03-18,12.033333333333333
2028-03-19,12.05
2028-03-20,12.066666666666666
2028-03-21,12.1
2028-03-22,12.116666666666667
2028-03-23,12.15
2028-03-24,12.166666666666666
2028-03-25,12.183333333333334
2028-03-26,12.216666666666667
2028-03-27,12.233333333333333
2028-03-28,12.266666666666667
2028-03-29,12.283333333333333
2028-03-30,12.3
2028-03-31,12.333333333333334
2028-04-01,12.35
2028-04-02,12.366666666666667
2028-04-03,12.4
2028-04-04,12.416666666666666
2028-04-05,12.45
2028-04-06,12.466666666666667
2028-04-07,12.483333333333333
2028-04-08,12.516666666666667
2028-04-09,12.533333333333333
2028-04-10,12.566666666666666
2028-04-11,12.583333333333334
2028-04-12,12.6
2028-04-13,12.616666666666667
2028-04-14,12.633333333333333
2028-04-15,12.666666666666666
2028-04-16,12.683333333333334
2028-04-17,12.7
2028-04-18,12.733333333333333
2028-04-19,12.75
2028-04-20,12.783333333333333
2028-04-21,12.783333333333333
2028-04-22,12.8
2028-04-23,12.833333333333334
2028-04-24,12.85
2028-04-25,12.883333333333333
2028-04-26,12.883333333333333
2028-04-27,12.916666666666666
2028-04-28,12.933333333333334
2028-04-29,12.966666666666667
2028-04-30,12.966666666666667
2028-05-01,12.983333333333333
2028-05-02,13.016666666666667
2028-05-03,13.016666666666667
2028-05-04,13.05
2028-05-05,13.066666666666666
2028-05-06,13.083333333333334
2028-05-07,13.1
2028-05-08,13.116666666666667
2028-05-09,13.133333333333333
2028-05-10,13.166666666666666
2028-05-11,13.166666666666666
2028-05-12,13.2
2028-05-13,13.2
2028-05-14,13.233333333333333
2028-05-15,13.233333333333333
2028-05-16,13.233333333333333
2028-05-17,13.266666666666667
2028-05-18,13.266666666666667
2028-05-19,13.3
2028-05-20,13.3
2028-05-21,13.316666666666666
2028-05-22,13.333333333333334
2028-05-23,13.35
2028-05-24,13.35
2028-05-25,13.383333333333333
2028-05-26,13.383333333333333
2028-05-27,13.4
2028-05-28,13.4
2028-05-29,13.416666666666666
2028-05-30,13.433333333333334
2028-05-31,13.433333333333334
2028-06-01,13.45
2028-06-02,13.45
2028-06-03,13.466666666666667
2028-06-04,13.466666666666667
2028-06-05,13.483333333333333
2028-06-06,13.483333333333333
2028-06-07,13.483333333333333
2028-06-08,13.5
2028-06-09,13.5
2028-06-10,13.5
2028-06-11,13.516666666666667
2028-06-12,13.516666666666667
2028-06-13,13.516666666666667
2028-06-14,13.533333333333333
2028-06-15,13.533333333333333
2028-06-16,13.533333333333333
2028-06-17,13.55
2028-06-18,13.533333333333333
2028-06-19,13.533333333333333
2028-06-20,13.533333333333333
2028-06-21,13.55
2028-06-22,13.55
2028-06-23,13.533333333333333
2028-06-24,13.533333333333333
2028-06-25,13.533333333333333
2028-06-26,13.533333333333333
2028-06-27,13.533333333333333
2028-06-28,13.533333333333333
2028-06-29,13.533333333333333
2028-06-30,13.516666666666667
2028-07-01,13.516666666666667
2028-07-02,13.516666666666667
2028-07-03,13.5
2028-07-04,13.5
2028-07-05,13.5
2028-07-06,13.483333333333333
2028-07-07,13.483333333333333
2028-07-08,13.466666666666667
2028-07-09,13.45
2028-07-10,13.45
2028-07-11,13.433333333333334
2028-07-12,13.433333333333334
2028-07-13,13.416666666666666
2028-07-14,13.416666666666666
2028-07-15,13.4
2028-07-16,13.383333333333333
2028-07-17,13.383333333333333
2028-07-18,13.366666666666667
2028-07-19,13.35
2028-07-20,13.333333333333334
2028-07-21,13.333333333333334
2028-07-22,13.316666666666666
2028-07-23,13.3
2028-07-24,13.283333333333333
2028-07-25,13.266666666666667
2028-07-26,13.266666666666667
2028-07-27,13.233333333333333
2028-07-28,13.233333333333333
2028-07-29,13.2
2028-07-30,13.2
2028-07-31,13.183333333333334
2028-08-01,13.166666666666666
2028-08-02,13.15
2028-08-03,13.116666666666667
2028-08-04,13.116666666666667
2028-08-05,13.083333333333334
2028-08-06,13.066666666666666
2028-08-07,13.066666666666666
2028-08-08,13.033333333333333
2028-08-09,13.016666666666667
2028-08-10,13.0
2028-08-11,12.983333333333333
2028-08-12,12.966666666666667
2028-08-13,12.95
2028-08-14,12.933333333333334
2028-08-15,12.9
2028-08-16,12.883333333333333
2028-08-17,12.866666666666667
2028-08-18,12.85
2028-08-19,12.833333333333334
2028-08-20,12.8
2028-08-21,12.783333333333333
2028-08-22,12.766666666666667
2028-08-23,12.733333333333333
2028-08-24,12.716666666666667
2028-08-25,12.7
2028-08-26,12.683333333333334
2028-08-27,12.666666666666666
2028-08-28,12.65
2028-08-29,12.616666666666667
2028-08-30,12.6
2028-08-31,12.583333333333334
2028-09-01,12.55
2028-09-02,12.533333333333333
2028-09-03,12.516666666666667
2028-09-04,12.483333333333333
2028-09-05,12.466666666666667
2028-09-06,12.45
2028-09-07,12.416666666666666
2028-09-08,12.4
2028-09-09,12.383333333333333
2028-09-10,12.35
2028-09-11,12.333333333333334
2028-09-12,12.316666666666666
2028-09-13,12.283333333333333
2028-09-14,12.266666666666667
2028-09-15,12.25
2028-09-16,12.233333333333333
2028-09-17,12.2
2028-09-18,12.183333333333334
2028-09-19,12.166666666666666
2028-09-20,12.133333333333333
2028-09-21,12.116666666666667
2028-09-22,12.1
2028-09-23,12.066666666666666
2028-09-24,12.033333333333333
2028-09-25,12.016666666666667
2028-09-26,11.983333333333333
2028-09-27,11.966666666666667
2028-09-28,11.95
2028-09-29,11.916666666666666
2028-09-30,11.9
2028-10-01,11.883333333333333
2028-10-02,11.85
2028-10-03,11.833333333333334
2028-10-04,11.8
2028-10-05,11.783333333333333
2028-10-06,11.783333333333333
2028-10-07,11.75
2028-10-08,11.733333333333333
2028-10-09,11.716666666666667
2028-10-10,11.683333333333334
2028-10-11,11.666666666666666
2028-10-12,11.633333333333333
2028-10-13,11.616666666666667
2028-10-14,11.6
2028-10-15,11.566666666666666
2028-10-16,11.55
2028-10-17,11.533333333333333
2028-10-18,11.516666666666667
2028-10-19,11.483333333333333
2028-10-20,11.466666666666667
2028-10-21,11.433333333333334
2028-10-22,11.416666666666666
2028-10-23,11.4
2028-10-24,11.383333333333333
2028-10-25,11.35
2028-10-26,11.333333333333334
2028-10-27,11.316666666666666
2028-10-28,11.3
2028-10-29,11.266666666666667
2028-10-30,11.266666666666667
2028-10-31,11.233333333333333
2028-11-01,11.233333333333333
2028-11-02,11.2
2028-11-03,11.166666666666666
2028-11-04,11.166666666666666
2028-11-05,11.133333333333333
2028-11-06,11.133333333333333
2028-11-07,11.1
2028-11-08,11.083333333333334
2028-11-09,11.066666666666666
2028-11-10,11.05
2028-11-11,11.033333333333333
2028-11-12,11.016666666666667
2028-11-13,11.0
2028-11-14,10.983333333333333
2028-11-15,10.966666666666667
2028-11-16,10.95
2028-11-17,10.933333333333334
2028-11-18,10.916666666666666
2028-11-19,10.9
2028-11-20,10.9
2028-11-21,10.883333333333333
2028-11-22,10.85
2028-11-23,10.85
2028-11-24,10.833333333333334
2028-11-25,10.816666666666666
2028-11-26,10.8
2028-11-27,10.8
2028-11-28,10.783333333333333
2028-11-29,10.766666666666667
2028-11-30,10.766666666666667
2028-12-01,10.75
2028-12-02,10.733333333333333
2028-12-03,10.733333333333333
2028-12-04,10.716666666666667
2028-12-05,10.716666666666667
2028-12-06,10.716666666666667
2028-12-07,10.7
2028-12-08,10.683333333333334
2028-12-09,10.683333333333334
2028-12-10,10.683333333333334
2028-12-11,10.666666666666666
2028-12-12,10.666666666666666
2028-12-13,10.666666666666666
2028-12-14,10.666666666666666
2028-12-15,10.65
2028-12-16,10.65
2028-12-17,10.65
2028-12-18,10.65
2028-12-19,10.65
2028-12-20,10.65
2028-12-21,10.65
2028-12-22,10.65
2028-12-23,10.65
2028-12-24,10.65
2028-12-25,10.65
2028-12-26,10.65
2028-12-27,10.65
2028-12-28,10.666666666666666
2028-12-29,10.65
2028-12-30,10.666666666666666
2028-12-31,10.683333333333334
2029-01-01,10.666666666666666
2029-01-02,10.683333333333334
2029-01-03,10.7
2029-01-04,10.683333333333334
2029-01-05,10.7
2029-01-06,10.716666666666667
2029-01-07,10.716666666666667
2029-01-08,10.733333333333333
2029-01-09,10.733333333333333
2029-01-10,10.75
2029-01-11,10.75
2029-01-12,10.766666666666667
2029-01-13,10.783333333333333
2029-01-14,10.783333333333333
2029-01-15,10.8
2029-01-16,10.816666666666666
2029-01-17,10.833333333333334
2029-01-18,10.833333333333334
2029-01-19,10.85
2029-01-20,10.883333333333333
2029-01-21,10.883333333333333
2029-01-22,10.9
2029-01-23,10.916666666666666
2029-01-24,10.933333333333334
2029-01-25,10.933333333333334
2029-01-26,10.966666666666667
2029-01-27,10.983333333333333
2029-01-28,10.983333333333333
2029-01-29,11.016666666666667
2029-01-30,11.033333333333333
2029-01-31,11.033333333333333
2029-02-01,11.066666666666666
2029-02-02,11.083333333333334
2029-02-03,11.1
2029-02-04,11.116666666666667
2029-02-05,11.15
2029-02-06,11.15
2029-02-07,11.183333333333334
2029-02-08,11.2
2029-02-09,11.216666666666667
2029-02-10,11.233333333333333
2029-02-11,11.266666666666667
2029-02-12,11.283333333333333
2029-02-13,11.3
2029-02-14,11.316666666666666
2029-02-15,11.333333333333334
2029-02-16,11.366666666666667
2029-02-17,11.383333333333333
2029-02-18,11.416666666666666
2029-02-19,11.416666666666666
2029-02-20,11.45
2029-02-21,11.466666666666667
2029-02-22,11.5
2029-02-23,11.5
2029-02-24,11.533333333333333
2029-02-25,11.55
2029-02-26,11.583333333333334
2029-02-27,11.6
2029-02-28,11.616666666666667
2029-03-01,11.633333333333333
2029-03-02,11.666666666666666
2029-03-03,11.683333333333334
2029-03-04,11.716666666666667
2029-03-05,11.733333333333333
2029-03-06,11.766666666666667
2029-03-07,11.783333333333333
2029-03-08,11.8
2029-03-09,11.833333333333334
2029-03-10,11.833333333333334
2029-03-11,11.866666666666667
2029-03-12,11.883333333333333
2029-03-13,11.916666666666666
2029-03-14,11.933333333333334
2029-03-15,11.95
2029-03-16,11.983333333333333
2029-03-17,12.0
2029-03-18,12.033333333333333
2029-03-19,12.05
2029-03-20,12.066666666666666
2029-03-21,12.1
2029-03-22,12.116666666666667
2029-03-23,12.15
2029-03-24,12.166666666666666
2029-03-25,12.183333333333334
2029-03-26,12.216666666666667
2029-03-27,12.233333333333333
2029-03-28,12.25
2029-03-29,12.283333333333333
2029-03-30,12.3
2029-03-31,12.333333333333334
2029-04-01,12.35
2029-04-02,12.366666666666667
2029-04-03,12.4
2029-04-04,12.416666666666666
2029-04-05,12.433333333333334
2029-04-06,12.466666666666667
2029-04-07,12.483333333333333
2029-04-08,12.516666666666667
2029-04-09,12.533333333333333
2029-04-10,12.533333333333333
2029-04-11,12.566666666666666
2029-04-12,12.583333333333334
2029-04-13,12.616666666666667
2029-04-14,12.633333333333333
2029-04-15,12.65
2029-04-16,12.683333333333334
2029-04-17,12.7
2029-04-18,12.733333333333333
2029-04-19,12.733333333333333
2029-04-20,12.75
2029-04-21,12.783333333333333
2029-04-22,12.8
2029-04-23,12.833333333333334
2029-04-24,12.85
2029-04-25,12.866666666666667
2029-04-26,12.883333333333333
2029-04-27,12.916666666666666
2029-04-28,12.933333333333334
2029-04-29,12.933333333333334
2029-04-30,12.966666666666667
2029-05-01,12.983333333333333
2029-05-02,13.0
2029-05-03,13.016666666666667
2029-05-04,13.05
2029-05-05,13.05
2029-05-06,13.083333333333334
2029-05-07,13.1
2029-05-08,13.116666666666667
2029-05-09,13.133333333333333
2029-05-10,13.133333333333333
2029-05-11,13.166666666666666
2029-05-12,13.166666666666666
2029-05-13,13.2
2029-05-14,13.2
2029-05-15,13.233333333333333
2029-05-16,13.233333333333333
2029-05-17,13.266666666666667
2029-05-18,13.266666666666667
2029-05-19,13.3
2029-05-20,13.3
2029-05-21,13.316666666666666
2029-05-22,13.333333333333334
2029-05-23,13.35
2029-05-24,13.35
2029-05-25,13.383333333333333
2029-05-26,13.383333333333333
2029-05-27,13.4
2029-05-28,13.4
2029-05-29,13.4
2029-05-30,13.433333333333334
2029-05-31,13.433333333333334
2029-06-01,13.45
2029-06-02,13.45
2029-06-03,13.466666666666667
2029-06-04,13.466666666666667
2029-06-05,13.466666666666667
2029-06-06,13.483333333333333
2029-06-07,13.483333333333333
2029-06-08,13.5
2029-06-09,13.5
2029-06-10,13.5
2029-06-11,13.516666666666667
2029-06-12,13.516666666666667
2029-06-13,13.516666666666667
2029-06-14,13.533333333333333
2029-06-15,13.533333333333333
2029-06-16,13.533333333333333
2029-06-17,13.55
2029-06-18,13.533333333333333
2029-06-19,13.533333333333333
2029-06-20,13.533333333333333
2029-06-21,13.55
2029-06-22,13.55
2029-06-23,13.533333333333333
2029-06-24,13.533333333333333
2029-06-25,13.533333333333333
2029-06-26,13.533333333333333
2029-06-27,13.516666666666667
2029-06-28,13.533333333333333
2029-06-29,13.533333333333333
2029-06-30,13.516666666666667
2029-07-01,13.516666666666667
2029-07-02,13.516666666666667
2029-07-03,13.5
2029-07-04,13.5
2029-07-05,13.5
2029-07-06,13.483333333333333
2029-07-07,13.483333333333333
2029-07-08,13.483333333333333
2029-07-09,13.466666666666667
2029-07-10,13.45
2029-07-11,13.433333333333334
2029-07-12,13.433333333333334
2029-07-13,13.433333333333334
2029-07-14,13.416666666666666
2029-07-15,13.4
2029-07-16,13.383333333333333
2029-07-17,13.383333333333333
2029-07-18,13.366666666666667
2029-07-19,13.35
2029-07-20,13.35
2029-07-21,13.333333333333334
2029-07-22,13.316666666666666
2029-07-23,13.3
2029-07-24,13.3
2029-07-25,13.266666666666667
2029-07-26,13.266666666666667
2029-07-27,13.233333333333333
2029-07-28,13.233333333333333
2029-07-29,13.216666666666667
2029-07-30,13.2
2029-07-31,13.183333333333334
2029-08-01,13.166666666666666
2029-08-02,13.15
2029-08-03,13.116666666666667
2029-08-04,13.116666666666667
2029-08-05,13.1
2029-08-06,13.083333333333334
2029-08-07,13.066666666666666
2029-08-08,13.033333333333333
2029-08-09,13.033333333333333
2029-08-10,13.0
2029-08-11,12.983333333333333
2029-08-12,12.966666666666667
2029-08-13,12.95
2029-08-14,12.933333333333334
2029-08-15,12.9
2029-08-16,12.883333333333333
2029-08-17,12.883333333333333
2029-08-18,12.85
2029-08-19,12.833333333333334
2029-08-20,12.816666666666666
2029-08-21,12.783333333333333
2029-08-22,12.766666666666667
2029-08-23,12.733333333333333
2029-08-24,12.733333333333333
2029-08-25,12.716666666666667
2029-08-26,12.683333333333334
2029-08-27,12.666666666666666
2029-08-28,12.65
2029-08-29,12.616666666666667
2029-08-30,12.6
2029-08-31,12.583333333333334
2029-09-01,12.55
2029-09-02,12.533333333333333
2029-09-03,12.516666666666667
2029-09-04,12.483333333333333
2029-09-05,12.466666666666667
2029-09-06,12.45
2029-09-07,12.416666666666666
2029-09-08,12.4
2029-09-09,12.383333333333333
2029-09-10,12.35
2029-09-11,12.333333333333334
2029-09-12,12.316666666666666
2029-09-13,12.3
2029-09-14,12.266666666666667
2029-09-15,12.25
2029-09-16,12.233333333333333
2029-09-17,12.2
2029-09-18,12.183333333333334
2029-09-19,12.166666666666666
2029-09-20,12.133333333333333
2029-09-21,12.116666666666667
2029-09-22,12.1
2029-09-23,12.066666666666666
2029-09-24,12.05
2029-09-25,12.033333333333333
2029-09-26,12.0
2029-09-27,11.983333333333333
2029-09-28,11.966666666666667
2029-09-29,11.933333333333334
2029-09-30,11.916666666666666
2029-10-01,11.9
2029-10-02,11.866666666666667
2029-10-03,11.85
2029-10-04,11.833333333333334
2029-10-05,11.8
2029-10-06,11.783333333333333
2029-10-07,11.75
2029-10-08,11.733333333333333
2029-10-09,11.716666666666667
2029-10-10,11.683333333333334
2029-10-11,11.666666666666666
2029-10-12,11.633333333333333
2029-10-13,11.616666666666667
2029-10-14,11.6
2029-10-15,11.566666666666666
2029-10-16,11.566666666666666
2029-10-17,11.533333333333333
2029-10-18,11.516666666666667
2029-10-19,11.483333333333333
2029-10-20,11.466666666666667
2029-10-21,11.433333333333334
2029-10-22,11.433333333333334
2029-10-23,11.416666666666666
2029-10-24,11.383333333333333
2029-10-25,11.366666666666667
2029-10-26,11.35
2029-10-27,11.316666666666666
2029-10-28,11.3
2029-10-29,11.283333333333333
2029-10-30,11.266666666666667
2029-10-31,11.233333333333333
2029-11-01,11.233333333333333
2029-11-02,11.2
2029-11-03,11.183333333333334
2029-11-04,11.166666666666666
2029-11-05,11.133333333333333
2029-11-06,11.133333333333333
2029-11-07,11.1
2029-11-08,11.1
2029-11-09,11.066666666666666
2029-11-10,11.05
2029-11-11,11.05
2029-11-12,11.016666666666667
2029-11-13,11.0
2029-11-14,10.983333333333333
2029-11-15,10.966666666666667
2029-11-16,10.95
2029-11-17,10.933333333333334
2029-11-18,10.916666666666666
2029-11-19,10.9
2029-11-20,10.9
2029-11-21,10.883333333333333
2029-11-22,10.85
2029-11-23,10.85
2029-11-24,10.833333333333334
2029-11-25,10.816666666666666
2029-11-26,10.816666666666666
2029-11-27,10.8
2029-11-28,10.783333333333333
2029-11-29,10.783333333333333
2029-11-30,10.766666666666667
2029-12-01,10.75
2029-12-02,10.75
2029-12-03,10.733333333333333
2029-12-04,10.716666666666667
2029-12-05,10.7
2029-12-06,10.716666666666667
2029-12-07,10.7
2029-12-08,10.683333333333334
2029-12-09,10.683333333333334
2029-12-10,10.683333333333334
2029-12-11,10.683333333333334
2029-12-12,10.666666666666666
2029-12-13,10.666666666666666
2029-12-14,10.666666666666666
2029-12-15,10.65
2029-12-16,10.666666666666666
2029-12-17,10.65
2029-12-18,10.633333333333333
2029-12-19,10.65
2029-12-20,10.633333333333333
2029-12-21,10.65
2029-12-22,10.633333333333333
2029-12-23,10.65
2029-12-24,10.633333333333333
2029-12-25,10.65
2029-12-26,10.65
2029-12-27,10.65
2029-12-28,10.666666666666666
2029-12-29,10.65
2029-12-30,10.666666666666666
2029-12-31,10.683333333333334
2030-01-01,10.666666666666666
2030-01-02,10.683333333333334
2030-01-03,10.7
2030-01-04,10.683333333333334
2030-01-05,10.7
2030-01-06,10.716666666666667
2030-01-07,10.716666666666667
2030-01-08,10.733333333333333
2030-01-09,10.75
2030-01-10,10.733333333333333
2030-01-11,10.75
2030-01-12,10.766666666666667
2030-01-13,10.766666666666667
2030-01-14,10.783333333333333
2030-01-15,10.8
2030-01-16,10.816666666666666
2030-01-17,10.816666666666666
2030-01-18,10.833333333333334
2030-01-19,10.85
2030-01-20,10.883333333333333
2030-01-21,10.883333333333333
2030-01-22,10.9
2030-01-23,10.916666666666666
2030-01-24,10.916666666666666
2030-01-25,10.933333333333334
2030-01-26,10.966666666666667
2030-01-27,10.983333333333333
2030-01-28,10.983333333333333
2030-01-29,11.016666666666667
2030-01-30,11.033333333333333
2030-01-31,11.033333333333333
2030-02-01,11.066666666666666
2030-02-02,11.083333333333334
2030-02-03,11.1
2030-02-04,11.116666666666667
2030-02-05,11.133333333333333
2030-02-06,11.15
2030-02-07,11.166666666666666
2030-02-08,11.2
2030-02-09,11.216666666666667
2030-02-10,11.233333333333333
2030-02-11,11.25
2030-02-12,11.266666666666667
2030-02-13,11.3
2030-02-14,11.316666666666666
2030-02-15,11.333333333333334
2030-02-16,11.35
2030-02-17,11.383333333333333
2030-02-18,11.383333333333333
2030-02-19,11.416666666666666
2030-02-20,11.45
2030-02-21,11.466666666666667
2030-02-22,11.483333333333333
2030-02-23,11.5
2030-02-24,11.533333333333333
2030-02-25,11.55
2030-02-26,11.583333333333334
2030-02-27,11.583333333333334
2030-02-28,11.616666666666667
2030-03-01,11.633333333333333
2030-03-02,11.666666666666666
2030-03-03,11.683333333333334
2030-03-04,11.716666666666667
2030-03-05,11.733333333333333
2030-03-06,11.75
2030-03-07,11.766666666666667
2030-03-08,11.783333333333333
2030-03-09,11.816666666666666
2030-03-10,11.833333333333334
2030-03-11,11.866666666666667
2030-03-12,11.883333333333333
2030-03-13,11.9
2030-03-14,11.933333333333334
2030-03-15,11.95
2030-03-16,11.983333333333333
2030-03-17,12.0
2030-03-18,12.016666666666667
2030-03-19,12.05
2030-03-20,12.066666666666666
2030-03-21,12.1
2030-03-22,12.116666666666667
2030-03-23,12.133333333333333
2030-03-24,12.166666666666666
2030-03-25,12.183333333333334
2030-03-26,12.216666666666667
2030-03-27,12.233333333333333
2030-03-28,12.25
2030-03-29,12.283333333333333
2030-03-30,12.3
2030-03-31,12.333333333333334
2030-04-01,12.35
2030-04-02,12.366666666666667
2030-04-03,12.4
2030-04-04,12.416666666666666
2030-04-05,12.433333333333334
2030-04-06,12.45
2030-04-07,12.466666666666667
2030-04-08,12.5
2030-04-09,12.516666666666667
2030-04-10,12.533333333333333
2030-04-11,12.566666666666666
2030-04-12,12.583333333333334
2030-04-13,12.616666666666667
2030-04-14,12.633333333333333
2030-04-15,12.65
2030-04-16,12.683333333333334
2030-04-17,12.7
2030-04-18,12.716666666666667
2030-04-19,12.733333333333333
2030-04-20,12.75
2030-04-21,12.783333333333333
2030-04-22,12.8
2030-04-23,12.833333333333334
2030-04-24,12.833333333333334
2030-04-25,12.866666666666667
2030-04-26,12.883333333333333
2030-04-27,12.9
2030-04-28,12.916666666666666
2030-04-29,12.933333333333334
2030-04-30,12.966666666666667
2030-05-01,12.983333333333333
2030-05-02,13.0
2030-05-03,13.016666666666667
2030-05-04,13.05
2030-05-05,13.05
2030-05-06,13.083333333333334
2030-05-07,13.1
2030-05-08,13.1
2030-05-09,13.133333333333333
2030-05-10,13.133333333333333
2030-05-11,13.166666666666666
2030-05-12,13.166666666666666
2030-05-13,13.2
2030-05-14,13.2
2030-05-15,13.233333333333333
2030-05-16,13.233333333333333
2030-05-17,13.266666666666667
2030-05-18,13.266666666666667
2030-05-19,13.283333333333333
2030-05-20,13.3
2030-05-21,13.316666666666666
2030-05-22,13.333333333333334
2030-05-23,13.35
2030-05-24,13.35
2030-05-25,13.366666666666667
2030-05-26,13.383333333333333
2030-05-27,13.383333333333333
2030-05-28,13.4
2030-05-29,13.4
2030-05-30,13.433333333333334
2030-05-31,13.433333333333334
2030-06-01,13.45
2030-06-02,13.45
2030-06-03,13.466666666666667
2030-06-04,13.466666666666667
2030-06-05,13.466666666666667
2030-06-06,13.483333333333333
2030-06-07,13.483333333333333
2030-06-08,13.5
2030-06-09,13.5
2030-06-10,13.5
2030-06-11,13.516666666666667
2030-06-12,13.516666666666667
2030-06-13,13.516666666666667
2030-06-14,13.533333333333333
2030-06-15,13.533333333333333
2030-06-16,13.533333333333333
2030-06-17,13.55
2030-06-18,13.55
2030-06-19,13.533333333333333
2030-06-20,13.533333333333333
2030-06-21,13.533333333333333
2030-06-22,13.55
2030-06-23,13.533333333333333
2030-06-24,13.533333333333333
2030-06-25,13.533333333333333
2030-06-26,13.533333333333333
2030-06-27,13.516666666666667
2030-06-28,13.533333333333333
2030-06-29,13.533333333333333
2030-06-30,13.533333333333333
2030-07-01,13.516666666666667
2030-07-02,13.516666666666667
2030-07-03,13.5
2030-07-04,13.5
2030-07-05,13.5
2030-07-06,13.483333333333333
2030-07-07,13.483333333333333
2030-07-08,13.483333333333333
2030-07-09,13.466666666666667
2030-07-10,13.45
2030-07-11,13.433333333333334
2030-07-12,13.433333333333334
2030-07-13,13.433333333333334
2030-07-14,13.416666666666666
2030-07-15,13.416666666666666
2030-07-16,13.383333333333333
2030-07-17,13.383333333333333
2030-07-18,13.366666666666667
2030-07-19,13.35
2030-07-20,13.35
2030-07-21,13.333333333333334
2030-07-22,13.316666666666666
2030-07-23,13.3
2030-07-24,13.3
2030-07-25,13.266666666666667
2030-07-26,13.266666666666667
2030-07-27,13.25
2030-07-28,13.233333333333333
2030-07-29,13.216666666666667
2030-07-30,13.2
2030-07-31,13.183333333333334
2030-08-01,13.166666666666666
2030-08-02,13.15
2030-08-03,13.133333333333333
2030-08-04,13.116666666666667
2030-08-05,13.1
2030-08-06,13.083333333333334
2030-08-07,13.066666666666666
2030-08-08,13.033333333333333
2030-08-09,13.033333333333333
2030-08-10,13.016666666666667
2030-08-11,12.983333333333333
2030-08-12,12.983333333333333
2030-08-13,12.95
2030-08-14,12.933333333333334
2030-08-15,12.916666666666666
2030-08-16,12.9
2030-08-17,12.883333333333333
2030-08-18,12.85
2030-08-19,12.833333333333334
2030-08-20,12.816666666666666
2030-08-21,12.783333333333333
2030-08-22,12.783333333333333
2030-08-23,12.766666666666667
2030-08-24,12.733333333333333
2030-08-25,12.716666666666667
2030-08-26,12.683333333333334
2030-08-27,12.666666666666666
2030-08-28,12.65
2030-08-29,12.616666666666667
2030-08-30,12.6
2030-08-31,12.583333333333334
2030-09-01,12.55
2030-09-02,12.533333333333333
2030-09-03,12.516666666666667
2030-09-04,12.483333333333333
2030-09-05,12.466666666666667
2030-09-06,12.45
2030-09-07,12.416666666666666
2030-09-08,12.4
2030-09-09,12.383333333333333
2030-09-10,12.366666666666667
2030-09-11,12.333333333333334
2030-09-12,12.316666666666666
2030-09-13,12.3
2030-09-14,12.266666666666667
2030-09-15,12.25
2030-09-16,12.233333333333333
2030-09-17,12.2
2030-09-18,12.183333333333334
2030-09-19,12.166666666666666
2030-09-20,12.133333333333333
2030-09-21,12.116666666666667
2030-09-22,12.1
2030-09-23,12.066666666666666
2030-09-24,12.05
2030-09-25,12.033333333333333
2030-09-26,12.0
2030-09-27,11.983333333333333
2030-09-28,11.966666666666667
2030-09-29,11.933333333333334
2030-09-30,11.916666666666666
2030-10-01,11.9
2030-10-02,11.866666666666667
2030-10-03,11.85
2030-10-04,11.833333333333334
2030-10-05,11.8
2030-10-06,11.783333333333333
2030-10-07,11.766666666666667
2030-10-08,11.733333333333333
2030-10-09,11.716666666666667
2030-10-10,11.683333333333334
2030-10-11,11.666666666666666
2030-10-12,11.65
2030-10-13,11.616666666666667
2030-10-14,11.616666666666667
2030-10-15,11.583333333333334
2030-10-16,11.566666666666666
2030-10-17,11.533333333333333
2030-10-18,11.516666666666667
2030-10-19,11.5
2030-10-20,11.466666666666667
2030-10-21,11.466666666666667
2030-10-22,11.433333333333334
2030-10-23,11.416666666666666
2030-10-24,11.383333333333333
2030-10-25,11.383333333333333
2030-10-26,11.35
2030-10-27,11.333333333333334
2030-10-28,11.3
2030-10-29,11.3
2030-10-30,11.266666666666667
2030-10-31,11.233333333333333
2030-11-01,11.233333333333333
2030-11-02,11.2
2030-11-03,11.2
2030-11-04,11.166666666666666
2030-11-05,11.15
2030-11-06,11.133333333333333
2030-11-07,11.1
2030-11-08,11.1
2030-11-09,11.066666666666666
2030-11-10,11.066666666666666
2030-11-11,11.05
2030-11-12,11.016666666666667
2030-11-13,11.016666666666667
2030-11-14,10.983333333333333
2030-11-15,10.966666666666667
2030-11-16,10.966666666666667
2030-11-17,10.95
2030-11-18,10.916666666666666
2030-11-19,10.916666666666666
2030-11-20,10.9
2030-11-21,10.883333333333333
2030-11-22,10.866666666666667
2030-11-23,10.85
2030-11-24,10.833333333333334
2030-11-25,10.833333333333334
2030-11-26,10.816666666666666
2030-11-27,10.8
2030-11-28,10.783333333333333
2030-11-29,10.783333333333333
2030-11-30,10.766666666666667
2030-12-01,10.75
2030-12-02,10.75
2030-12-03,10.733333333333333
2030-12-04,10.716666666666667
2030-12-05,10.716666666666667
2030-12-06,10.716666666666667
2030-12-07,10.7
2030-12-08,10.7
2030-12-09,10.683333333333334
2030-12-10,10.683333333333334
2030-12-11,10.683333333333334
2030-12-12,10.666666666666666
2030-12-13,10.65
2030-12-14,10.666666666666666
2030-12-15,10.65
2030-12-16,10.666666666666666
2030-12-17,10.65
2030-12-18,10.65
2030-12-19,10.65
2030-12-20,10.633333333333333
2030-12-21,10.65
2030-12-22,10.633333333333333
2030-12-23,10.65
2030-12-24,10.633333333333333
2030-12-25,10.65
2030-12-26,10.65
2030-12-27,10.65
2030-12-28,10.666666666666666
2030-12-29,10.65
2030-12-30,10.666666666666666
2030-12-31,10.666666666666666
2031-01-01,10.666666666666666
2031-01-02,10.683333333333334
2031-01-03,10.683333333333334
2031-01-04,10.7
2031-01-05,10.7
2031-01-06,10.7
2031-01-07,10.716666666666667
2031-01-08,10.733333333333333
2031-01-09,10.733333333333333
2031-01-10,10.733333333333333
2031-01-11,10.75
2031-01-12,10.766666666666667
2031-01-13,10.766666666666667
2031-01-14,10.783333333333333
2031-01-15,10.8
2031-01-16,10.8
2031-01-17,10.816666666666666
2031-01-18,10.833333333333334
2031-01-19,10.85
2031-01-20,10.85
2031-01-21,10.883333333333333
2031-01-22,10.9
2031-01-23,10.916666666666666
2031-01-24,10.916666666666666
2031-01-25,10.933333333333334
2031-01-26,10.966666666666667
2031-01-27,10.966666666666667
2031-01-28,10.983333333333333
2031-01-29,11.016666666666667
2031-01-30,11.016666666666667
2031-01-31,11.033333333333333
2031-02-01,11.066666666666666
2031-02-02,11.066666666666666
2031-02-03,11.083333333333334
2031-02-04,11.116666666666667
2031-02-05,11.116666666666667
2031-02-06,11.15
2031-02-07,11.166666666666666
2031-02-08,11.183333333333334
2031-02-09,11.2
2031-02-10,11.233333333333333
2031-02-11,11.25
2031-02-12,11.266666666666667
2031-02-13,11.283333333333333
2031-02-14,11.3
2031-02-15,11.333333333333334
2031-02-16,11.35
2031-02-17,11.383333333333333
2031-02-18,11.383333333333333
2031-02-19,11.416666666666666
2031-02-20,11.433333333333334
2031-02-21,11.45
2031-02-22,11.483333333333333
2031-02-23,11.5
2031-02-24,11.533333333333333
2031-02-25,11.55
2031-02-26,11.566666666666666
2031-02-27,11.583333333333334
2031-02-28,11.616666666666667
2031-03-01,11.633333333333333
2031-03-02,11.666666666666666
2031-03-03,11.683333333333334
2031-03-04,11.7
2031-03-05,11.716666666666667
2031-03-06,11.733333333333333
2031-03-07,11.766666666666667
2031-03-08,11.783333333333333
2031-03-09,11.816666666666666
2031-03-10,11.833333333333334
2031-03-11,11.866666666666667
2031-03-12,11.883333333333333
2031-03-13,11.9
2031-03-14,11.933333333333334
2031-03-15,11.95
2031-03-16,11.983333333333333
2031-03-17,12.0
2031-03-18,12.016666666666667
2031-03-19,12.05
2031-03-20,12.066666666666666
2031-03-21,12.1
2031-03-22,12.116666666666667
2031-03-23,12.133333333333333
2031-03-24,12.166666666666666
2031-03-25,12.183333333333334
2031-03-26,12.216666666666667
2031-03-27,12.233333333333333
2031-03-28,12.233333333333333
2031-03-29,12.266666666666667
2031-03-30,12.283333333333333
2031-03-31,12.3
2031-04-01,12.333333333333334
2031-04-02,12.35
2031-04-03,12.383333333333333
2031-04-04,12.4
2031-04-05,12.416666666666666
2031-04-06,12.45
2031-04-07,12.466666666666667
2031-04-08,12.483333333333333
2031-04-09,12.516666666666667
2031-04-10,12.533333333333333
2031-04-11,12.566666666666666
2031-04-12,12.583333333333334
2031-04-13,12.6
2031-04-14,12.633333333333333
2031-04-15,12.65
2031-04-16,12.666666666666666
2031-04-17,12.683333333333334
2031-04-18,12.7
2031-04-19,12.733333333333333
2031-04-20,12.75
2031-04-21,12.783333333333333
2031-04-22,12.8
2031-04-23,12.816666666666666
2031-04-24,12.833333333333334
2031-04-25,12.85
2031-04-26,12.883333333333333
2031-04-27,12.9
2031-04-28,12.916666666666666
2031-04-29,12.933333333333334
2031-04-30,12.966666666666667
2031-05-01,12.966666666666667
2031-05-02,13.0
2031-05-03,13.016666666666667
2031-05-04,13.016666666666667
2031-05-05,13.05
2031-05-06,13.066666666666666
2031-05-07,13.083333333333334
2031-05-08,13.1
2031-05-09,13.133333333333333
2031-05-10,13.133333333333333
2031-05-11,13.166666666666666
2031-05-12,13.166666666666666
2031-05-13,13.2
2031-05-14,13.2
2031-05-15,13.233333333333333
2031-05-16,13.233333333333333
2031-05-17,13.266666666666667
2031-05-18,13.266666666666667
2031-05-19,13.283333333333333
2031-05-20,13.3
2031-05-21,13.316666666666666
2031-05-22,13.316666666666666
2031-05-23,13.333333333333334
2031-05-24,13.35
2031-05-25,13.35
2031-05-26,13.383333333333333
2031-05-27,13.383333333333333
2031-05-28,13.4
2031-05-29,13.4
2031-05-30,13.433333333333334
2031-05-31,13.433333333333334
2031-06-01,13.45
2031-06-02,13.45
2031-06-03,13.45
2031-06-04,13.466666666666667
2031-06-05,13.466666666666667
2031-06-06,13.483333333333333
2031-06-07,13.483333333333333
2031-06-08,13.483333333333333
2031-06-09,13.5
2031-06-10,13.5
2031-06-11,13.516666666666667
2031-06-12,13.516666666666667
2031-06-13,13.516666666666667
2031-06-14,13.533333333333333
2031-06-15,13.533333333333333
2031-06-16,13.533333333333333
2031-06-17,13.533333333333333
2031-06-18,13.55
2031-06-19,13.533333333333333
2031-06-20,13.533333333333333
2031-06-21,13.533333333333333
2031-06-22,13.55
2031-06-23,13.55
2031-06-24,13.533333333333333
2031-06-25,13.533333333333333
2031-06-26,13.533333333333333
2031-06-27,13.516666666666667
2031-06-28,13.533333333333333
2031-06-29,13.533333333333333
2031-06-30,13.533333333333333
2031-07-01,13.516666666666667
2031-07-02,13.516666666666667
2031-07-03,13.516666666666667
2031-07-04,13.5
2031-07-05,13.5
2031-07-06,13.483333333333333
2031-07-07,13.483333333333333
2031-07-08,13.483333333333333
2031-07-09,13.466666666666667
2031-07-10,13.45
2031-07-11,13.45
2031-07-12,13.433333333333334
2031-07-13,13.433333333333334
2031-07-14,13.416666666666666
2031-07-15,13.416666666666666
2031-07-16,13.383333333333333
2031-07-17,13.383333333333333
2031-07-18,13.383333333333333
2031-07-19,13.366666666666667
2031-07-20,13.35
2031-07-21,13.333333333333334
2031-07-22,13.333333333333334
2031-07-23,13.3
2031-07-24,13.3
2031-07-25,13.266666666666667
2031-07-26,13.266666666666667
2031-07-27,13.266666666666667
2031-07-28,13.233333333333333
2031-07-29,13.233333333333333
2031-07-30,13.2
2031-07-31,13.2
2031-08-01,13.166666666666666
2031-08-02,13.15
2031-08-03,13.15
2031-08-04,13.116666666666667
2031-08-05,13.116666666666667
2031-08-06,13.083333333333334
2031-08-07,13.066666666666666
2031-08-08,13.05
2031-08-09,13.033333333333333
2031-08-10,13.016666666666667
2031-08-11,13.0
2031-08-12,12.983333333333333
2031-08-13,12.95
2031-08-14,12.933333333333334
2031-08-15,12.933333333333334
2031-08-16,12.9
2031-08-17,12.883333333333333
2031-08-18,12.85
2031-08-19,12.833333333333334
2031-08-20,12.816666666666666
2031-08-21,12.8
2031-08-22,12.783333333333333
2031-08-23,12.766666666666667
2031-08-24,12.733333333333333
2031-08-25,12.716666666666667
2031-08-26,12.7
2031-08-27,12.666666666666666
2031-08-28,12.65
2031-08-29,12.633333333333333
2031-08-30,12.6
2031-08-31,12.6
2031-09-01,12.583333333333334
2031-09-02,12.55
2031-09-03,12.533333333333333
2031-09-04,12.516666666666667
2031-09-05,12.483333333333333
2031-09-06,12.466666666666667
2031-09-07,12.45
2031-09-08,12.416666666666666
2031-09-09,12.4
2031-09-10,12.383333333333333
2031-09-11,12.35
2031-09-12,12.333333333333334
2031-09-13,12.316666666666666
2031-09-14,12.283333333333333
2031-09-15,12.25
2031-09-16,12.233333333333333
2031-09-17,12.2
2031-09-18,12.183333333333334
2031-09-19,12.166666666666666
2031-09-20,12.133333333333333
2031-09-21,12.116666666666667
2031-09-22,12.1
2031-09-23,12.083333333333334
2031-09-24,12.05
2031-09-25,12.033333333333333
2031-09-26,12.016666666666667
2031-09-27,11.983333333333333
2031-09-28,11.966666666666667
2031-09-29,11.95
2031-09-30,11.916666666666666
2031-10-01,11.9
2031-10-02,11.866666666666667
2031-10-03,11.85
2031-10-04,11.833333333333334
2031-10-05,11.8
2031-10-06,11.783333333333333
2031-10-07,11.766666666666667
2031-10-08,11.733333333333333
2031-10-09,11.716666666666667
2031-10-10,11.683333333333334
2031-10-11,11.666666666666666
2031-10-12,11.666666666666666
2031-10-13,11.633333333333333
2031-10-14,11.616666666666667
2031-10-15,11.583333333333334
2031-10-16,11.566666666666666
2031-10-17,11.55
2031-10-18,11.516666666666667
2031-10-19,11.5
2031-10-20,11.483333333333333
2031-10-21,11.466666666666667
2031-10-22,11.433333333333334
2031-10-23,11.416666666666666
2031-10-24,11.383333333333333
2031-10-25,11.383333333333333
2031-10-26,11.35
2031-10-27,11.333333333333334
2031-10-28,11.316666666666666
2031-10-29,11.3
2031-10-30,11.266666666666667
2031-10-31,11.266666666666667
2031-11-01,11.233333333333333
2031-11-02,11.2
2031-11-03,11.2
2031-11-04,11.166666666666666
2031-11-05,11.166666666666666
2031-11-06,11.133333333333333
2031-11-07,11.133333333333333
2031-11-08,11.1
2031-11-09,11.083333333333334
2031-11-10,11.066666666666666
2031-11-11,11.05
2031-11-12,11.016666666666667
2031-11-13,11.016666666666667
2031-11-14,11.0
2031-11-15,10.966666666666667
2031-11-16,10.966666666666667
2031-11-17,10.95
2031-11-18,10.916666666666666
2031-11-19,10.916666666666666
2031-11-20,10.9
2031-11-21,10.883333333333333
2031-11-22,10.866666666666667
2031-11-23,10.85
2031-11-24,10.833333333333334
2031-11-25,10.833333333333334
2031-11-26,10.816666666666666
2031-11-27,10.8
2031-11-28,10.8
2031-11-29,10.783333333333333
2031-11-30,10.766666666666667
2031-12-01,10.766666666666667
2031-12-02,10.75
2031-12-03,10.733333333333333
2031-12-04,10.733333333333333
2031-12-05,10.716666666666667
2031-12-06,10.716666666666667
2031-12-07,10.7
2031-12-08,10.7
2031-12-09,10.683333333333334
2031-12-10,10.683333333333334
2031-12-11,10.683333333333334
2031-12-12,10.666666666666666
2031-12-13,10.666666666666666
2031-12-14,10.666666666666666
2031-12-15,10.65
2031-12-16,10.65
2031-12-17,10.65
2031-12-18,10.65
2031-12-19,10.65
2031-12-20,10.65
2031-12-21,10.65
2031-12-22,10.65
2031-12-23,10.65
2031-12-24,10.65
2031-12-25,10.65
2031-12-26,10.65
2031-12-27,10.65
2031-12-28,10.65
2031-12-29,10.65
2031-12-30,10.666666666666666
2031-12-31,10.666666666666666
2032-01-01,10.666666666666666
2032-01-02,10.683333333333334
2032-01-03,10.683333333333334
2032-01-04,10.7
2032-01-05,10.7
2032-01-06,10.7
2032-01-07,10.716666666666667
2032-01-08,10.733333333333333
2032-01-09,10.733333333333333
2032-01-10,10.733333333333333
2032-01-11,10.75
2032-01-12,10.75
2032-01-13,10.766666666666667
2032-01-14,10.783333333333333
2032-01-15,10.8
2032-01-16,10.8
2032-01-17,10.816666666666666
2032-01-18,10.833333333333334
2032-01-19,10.833333333333334
2032-01-20,10.85
2032-01-21,10.883333333333333
2032-01-22,10.9
2032-01-23,10.9
2032-01-24,10.916666666666666
2032-01-25,10.933333333333334
2032-01-26,10.95
2032-01-27,10.966666666666667
2032-01-28,10.983333333333333
2032-01-29,11.0
2032-01-30,11.016666666666667
2032-01-31,11.033333333333333
2032-02-01,11.066666666666666
2032-02-02,11.066666666666666
2032-02-03,11.083333333333334
2032-02-04,11.116666666666667
2032-02-05,11.116666666666667
2032-02-06,11.15
2032-02-07,11.166666666666666
2032-02-08,11.183333333333334
2032-02-09,11.2
2032-02-10,11.233333333333333
2032-02-11,11.233333333333333
2032-02-12,11.266666666666667
2032-02-13,11.283333333333333
2032-02-14,11.3
2032-02-15,11.333333333333334
2032-02-16,11.35
2032-02-17,11.366666666666667
2032-02-18,11.383333333333333
2032-02-19,11.416666666666666
2032-02-20,11.416666666666666
2032-02-21,11.45
2032-02-22,11.466666666666667
2032-02-23,11.5
2032-02-24,11.516666666666667
2032-02-25,11.533333333333333
2032-02-26,11.55
2032-02-27,11.583333333333334
2032-02-28,11.6
2032-02-29,11.633333333333333
2032-03-01,11.65
2032-03-02,11.666666666666666
2032-03-03,11.683333333333334
2032-03-04,11.716666666666667
2032-03-05,11.733333333333333
2032-03-06,11.766666666666667
2032-03-07,11.783333333333333
2032-03-08,11.816666666666666
2032-03-09,11.833333333333334
2032-03-10,11.85
2032-03-11,11.883333333333333
2032-03-12,11.9
2032-03-13,11.933333333333334
2032-03-14,11.95
2032-03-15,11.966666666666667
2032-03-16,11.983333333333333
2032-03-17,12.0
2032-03-18,12.033333333333333
2032-03-19,12.05
2032-03-20,12.083333333333334
2032-03-21,12.1
2032-03-22,12.116666666666667
2032-03-23,12.15
2032-03-24,12.166666666666666
2032-03-25,12.183333333333334
2032-03-26,12.216666666666667
2032-03-27,12.233333333333333
2032-03-28,12.266666666666667
2032-03-29,12.283333333333333
2032-03-30,12.3
2032-03-31,12.333333333333334
2032-04-01,12.35
2032-04-02,12.366666666666667
2032-04-03,12.4
2032-04-04,12.416666666666666
2032-04-05,12.45
2032-04-06,12.466666666666667
2032-04-07,12.483333333333333
2032-04-08,12.516666666666667
2032-04-09,12.533333333333333
2032-04-10,12.566666666666666
2032-04-11,12.583333333333334
2032-04-12,12.6
2032-04-13,12.616666666666667
2032-04-14,12.633333333333333
2032-04-15,12.666666666666666
2032-04-16,12.683333333333334
2032-04-17,12.7
2032-04-18,12.733333333333333
2032-04-19,12.75
2032-04-20,12.783333333333333
2032-04-21,12.783333333333333
2032-04-22,12.8
2032-04-23,12.833333333333334
2032-04-24,12.85
2032-04-25,12.883333333333333
2032-04-26,12.883333333333333
2032-04-27,12.916666666666666
2032-04-28,12.933333333333334
2032-04-29,12.966666666666667
2032-04-30,12.966666666666667
2032-05-01,12.983333333333333
2032-05-02,13.016666666666667
2032-05-03,13.016666666666667
2032-05-04,13.05
2032-05-05,13.066666666666666
2032-05-06,13.083333333333334
2032-05-07,13.1
2032-05-08,13.116666666666667
2032-05-09,13.133333333333333
2032-05-10,13.166666666666666
2032-05-11,13.166666666666666
2032-05-12,13.2
2032-05-13,13.2
2032-05-14,13.233333333333333
2032-05-15,13.233333333333333
2032-05-16,13.25
2032-05-17,13.266666666666667
2032-05-18,13.266666666666667
2032-05-19,13.3
2032-05-20,13.3
2032-05-21,13.316666666666666
2032-05-22,13.333333333333334
2032-05-23,13.35
2032-05-24,13.35
2032-05-25,13.383333333333333
2032-05-26,13.383333333333333
2032-05-27,13.4
2032-05-28,13.4
2032-05-29,13.416666666666666
2032-05-30,13.433333333333334
2032-05-31,13.433333333333334
2032-06-01,13.45
2032-06-02,13.45
2032-06-03,13.466666666666667
2032-06-04,13.466666666666667
2032-06-05,13.483333333333333
2032-06-06,13.483333333333333
2032-06-07,13.483333333333333
2032-06-08,13.5
2032-06-09,13.5
2032-06-10,13.5
2032-06-11,13.516666666666667
2032-06-12,13.516666666666667
2032-06-13,13.516666666666667
2032-06-14,13.533333333333333
2032-06-15,13.533333333333333
2032-06-16,13.533333333333333
2032-06-17,13.55
2032-06-18,13.533333333333333
2032-06-19,13.533333333333333
2032-06-20,13.533333333333333
2032-06-21,13.55
2032-06-22,13.55
2032-06-23,13.533333333333333
2032-06-24,13.533333333333333
2032-06-25,13.533333333333333
2032-06-26,13.533333333333333
2032-06-27,13.533333333333333
2032-06-28,13.533333333333333
2032-06-29,13.533333333333333
2032-06-30,13.516666666666667
2032-07-01,13.516666666666667
2032-07-02,13.516666666666667
2032-07-03,13.5
2032-07-04,13.5
2032-07-05,13.5
2032-07-06,13.483333333333333
2032-07-07,13.483333333333333
2032-07-08,13.466666666666667
2032-07-09,13.466666666666667
2032-07-10,13.45
2032-07-11,13.433333333333334
2032-07-12,13.433333333333334
2032-07-13,13.416666666666666
2032-07-14,13.416666666666666
2032-07-15,13.4
2032-07-16,13.383333333333333
2032-07-17,13.383333333333333
2032-07-18,13.366666666666667
2032-07-19,13.35
2032-07-20,13.333333333333334
2032-07-21,13.333333333333334
2032-07-22,13.3
2032-07-23,13.3
2032-07-24,13.283333333333333
2032-07-25,13.266666666666667
2032-07-26,13.266666666666667
2032-07-27,13.233333333333333
2032-07-28,13.233333333333333
2032-07-29,13.2
2032-07-30,13.2
2032-07-31,13.183333333333334
2032-08-01,13.166666666666666
2032-08-02,13.15
2032-08-03,13.116666666666667
2032-08-04,13.116666666666667
2032-08-05,13.083333333333334
2032-08-06,13.066666666666666
2032-08-07,13.066666666666666
2032-08-08,13.033333333333333
2032-08-09,13.016666666666667
2032-08-10,13.0
2032-08-11,12.983333333333333
2032-08-12,12.966666666666667
2032-08-13,12.933333333333334
2032-08-14,12.933333333333334
2032-08-15,12.9
2032-08-16,12.883333333333333
2032-08-17,12.866666666666667
2032-08-18,12.85
2032-08-19,12.833333333333334
2032-08-20,12.8
2032-08-21,12.783333333333333
2032-08-22,12.766666666666667
2032-08-23,12.733333333333333
2032-08-24,12.716666666666667
2032-08-25,12.7
2032-08-26,12.666666666666666
2032-08-27,12.666666666666666
2032-08-28,12.65
2032-08-29,12.616666666666667
2032-08-30,12.6
2032-08-31,12.583333333333334
2032-09-01,12.55
2032-09-02,12.533333333333333
2032-09-03,12.516666666666667
2032-09-04,12.483333333333333
2032-09-05,12.466666666666667
2032-09-06,12.45
2032-09-07,12.416666666666666
2032-09-08,12.4
2032-09-09,12.383333333333333
2032-09-10,12.35
2032-09-11,12.333333333333334
2032-09-12,12.316666666666666
2032-09-13,12.283333333333333
2032-09-14,12.266666666666667
2032-09-15,12.25
2032-09-16,12.233333333333333
2032-09-17,12.2
2032-09-18,12.183333333333334
2032-09-19,12.166666666666666
2032-09-20,12.133333333333333
2032-09-21,12.116666666666667
2032-09-22,12.1
2032-09-23,12.05
2032-09-24,12.033333333333333
2032-09-25,12.016666666666667
2032-09-26,11.983333333333333
2032-09-27,11.966666666666667
2032-09-28,11.95
2032-09-29,11.916666666666666
2032-09-30,11.9
2032-10-01,11.883333333333333
2032-10-02,11.85
2032-10-03,11.833333333333334
2032-10-04,11.8
2032-10-05,11.783333333333333
2032-10-06,11.766666666666667
2032-10-07,11.75
2032-10-08,11.733333333333333
2032-10-09,11.716666666666667
2032-10-10,11.683333333333334
2032-10-11,11.666666666666666
2032-10-12,11.633333333333333
2032-10-13,11.616666666666667
2032-10-14,11.6
2032-10-15,11.566666666666666
2032-10-16,11.55
2032-10-17,11.516666666666667
2032-10-18,11.516666666666667
2032-10-19,11.483333333333333
2032-10-20,11.466666666666667
2032-10-21,11.433333333333334
2032-10-22,11.416666666666666
2032-10-23,11.4
2032-10-24,11.383333333333333
2032-10-25,11.35
2032-10-26,11.333333333333334
2032-10-27,11.316666666666666
2032-10-28,11.3
2032-10-29,11.266666666666667
2032-10-30,11.266666666666667
2032-10-31,11.233333333333333
2032-11-01,11.216666666666667
2032-11-02,11.2
2032-11-03,11.166666666666666
2032-11-04,11.166666666666666
2032-11-05,11.133333333333333
2032-11-06,11.133333333333333
2032-11-07,11.1
2032-11-08,11.083333333333334
2032-11-09,11.066666666666666
2032-11-10,11.05
2032-11-11,11.033333333333333
2032-11-12,11.016666666666667
2032-11-13,11.0
2032-11-14,10.983333333333333
2032-11-15,10.966666666666667
2032-11-16,10.95
2032-11-17,10.933333333333334
2032-11-18,10.916666666666666
2032-11-19,10.9
2032-11-20,10.9
2032-11-21,10.883333333333333
2032-11-22,10.85
2032-11-23,10.85
2032-11-24,10.833333333333334
2032-11-25,10.816666666666666
2032-11-26,10.816666666666666
2032-11-27,10.8
2032-11-28,10.783333333333333
2032-11-29,10.766666666666667
2032-11-30,10.766666666666667
2032-12-01,10.75
2032-12-02,10.733333333333333
2032-12-03,10.733333333333333
2032-12-04,10.716666666666667
2032-12-05,10.716666666666667
2032-12-06,10.716666666666667
2032-12-07,10.7
2032-12-08,10.683333333333334
2032-12-09,10.683333333333334
2032-12-10,10.683333333333334
2032-12-11,10.666666666666666
2032-12-12,10.666666666666666
2032-12-13,10.666666666666666
2032-12-14,10.666666666666666
2032-12-15,10.65
2032-12-16,10.65
2032-12-17,10.65
2032-12-18,10.65
2032-12-19,10.65
2032-12-20,10.633333333333333
2032-12-21,10.65
2032-12-22,10.633333333333333
2032-12-23,10.65
2032-12-24,10.65
2032-12-25,10.65
2032-12-26,10.65
2032-12-27,10.65
2032-12-28,10.666666666666666
